"","finetuning","group","prefix","task","tool","gnn_conv","target","batch","event","time","data_types","fusion","hpo_iter","early_stop_patience","features_min","feature_perc","log_transform","use_loss_weighting","finetuning_samples","method","var","variable_type","metric","value","score","top","ranking","omics","learning"
"1","no_finetuning","ccle_vs_gdsc_Crizotinib","analysis12","ccle_vs_gdsc","supervised_vae","","Crizotinib",NA,"","","rna,cnv","early",100,10,500,20,FALSE,TRUE,0,"supervised_vae","Crizotinib","numerical","pearson_corr",0.364912356798733,100,1,1,"multi","deep_learning"
"2","with_finetuning","ccle_vs_gdsc_Crizotinib","analysis3","ccle_vs_gdsc","GNN","SAGE","Crizotinib",NA,"","","rna,cnv","early",100,10,500,20,FALSE,TRUE,100,"GNN","Crizotinib","numerical","pearson_corr",0.330526956809788,90.6,1,2,"multi","deep_learning"
"3","no_finetuning","ccle_vs_gdsc_Erlotinib","analysis25","ccle_vs_gdsc","DirectPred","","Erlotinib",NA,"","","rna,cnv","early",100,10,500,20,FALSE,TRUE,0,"DirectPred","Erlotinib","numerical","pearson_corr",0.423034232304838,100,1,1,"multi","deep_learning"
"4","with_finetuning","ccle_vs_gdsc_Erlotinib","analysis24","ccle_vs_gdsc","DirectPred","","Erlotinib",NA,"","","rna,cnv","intermediate",100,10,500,20,FALSE,TRUE,100,"DirectPred","Erlotinib","numerical","pearson_corr",0.388447018563987,91.8,0,3,"multi","deep_learning"
"5","no_finetuning","ccle_vs_gdsc_Irinotecan","analysis36","ccle_vs_gdsc","GNN","SAGE","Irinotecan",NA,"","","rna,cnv","early",100,10,500,20,FALSE,TRUE,0,"GNN","Irinotecan","numerical","pearson_corr",0.529549812068026,94.1,0,3,"multi","deep_learning"
"6","with_finetuning","ccle_vs_gdsc_Irinotecan","analysis37","ccle_vs_gdsc","GNN","SAGE","Irinotecan",NA,"","","rna,cnv","early",100,10,500,20,FALSE,TRUE,100,"GNN","Irinotecan","numerical","pearson_corr",0.489024533254973,86.9,0,4,"multi","deep_learning"
"7","no_finetuning","ccle_vs_gdsc_Lapatinib","analysis57","ccle_vs_gdsc","DirectPred","","Lapatinib",NA,"","","rna,cnv","intermediate",100,10,500,20,FALSE,TRUE,0,"DirectPred","Lapatinib","numerical","pearson_corr",0.580832225642576,100,1,1,"multi","deep_learning"
"8","with_finetuning","ccle_vs_gdsc_Lapatinib","analysis58","ccle_vs_gdsc","DirectPred","","Lapatinib",NA,"","","rna,cnv","intermediate",100,10,500,20,FALSE,TRUE,100,"DirectPred","Lapatinib","numerical","pearson_corr",0.54825470746201,94.4,1,2,"multi","deep_learning"
"9","no_finetuning","ccle_vs_gdsc_Paclitaxel","analysis78","ccle_vs_gdsc","supervised_vae","","Paclitaxel",NA,"","","rna,cnv","intermediate",100,10,500,20,FALSE,TRUE,0,"supervised_vae","Paclitaxel","numerical","pearson_corr",0.337174657480292,97,1,2,"multi","deep_learning"
"10","with_finetuning","ccle_vs_gdsc_Paclitaxel","analysis77","ccle_vs_gdsc","DirectPred","","Paclitaxel",NA,"","","rna,cnv","early",100,10,500,20,FALSE,TRUE,100,"DirectPred","Paclitaxel","numerical","pearson_corr",0.326727825439411,94,0,3,"multi","deep_learning"
"11","no_finetuning","ccle_vs_gdsc_Palbociclib","analysis97","ccle_vs_gdsc","supervised_vae","","Palbociclib",NA,"","","rna,cnv","early",100,10,500,20,FALSE,TRUE,0,"supervised_vae","Palbociclib","numerical","pearson_corr",0.395462511417694,95,0,4,"multi","deep_learning"
"12","with_finetuning","ccle_vs_gdsc_Palbociclib","analysis98","ccle_vs_gdsc","supervised_vae","","Palbociclib",NA,"","","rna,cnv","early",100,10,500,20,FALSE,TRUE,100,"supervised_vae","Palbociclib","numerical","pearson_corr",0.406134036425593,97.5,1,2,"multi","deep_learning"
"13","no_finetuning","ccle_vs_gdsc_Selumetinib","analysis108","ccle_vs_gdsc","DirectPred","","Selumetinib",NA,"","","rna,cnv","intermediate",100,10,500,20,FALSE,TRUE,0,"DirectPred","Selumetinib","numerical","pearson_corr",0.587401616529954,92.7,0,4,"multi","deep_learning"
"14","with_finetuning","ccle_vs_gdsc_Selumetinib","analysis115","ccle_vs_gdsc","supervised_vae","","Selumetinib",NA,"","","rna,cnv","early",100,10,500,20,FALSE,TRUE,100,"supervised_vae","Selumetinib","numerical","pearson_corr",0.633343569312995,100,1,1,"multi","deep_learning"
"15","no_finetuning","ccle_vs_gdsc_Sorafenib","analysis121","ccle_vs_gdsc","GNN","SAGE","Sorafenib",NA,"","","rna,cnv","early",100,10,500,20,FALSE,TRUE,0,"GNN","Sorafenib","numerical","pearson_corr",0.426158045096071,88.8,0,5,"multi","deep_learning"
"16","with_finetuning","ccle_vs_gdsc_Sorafenib","analysis120","ccle_vs_gdsc","GNN","GC","Sorafenib",NA,"","","rna,cnv","early",100,10,500,20,FALSE,TRUE,100,"GNN","Sorafenib","numerical","pearson_corr",0.454923096878251,94.8,1,2,"multi","deep_learning"
"17","no_finetuning","lgg_gbm_OS_STATUS","analysis144","lgg_gbm","DirectPred","","",NA,"OS_STATUS","OS_MONTHS","mut,cna","intermediate",100,10,500,20,FALSE,TRUE,0,"DirectPred","OS_STATUS","numerical","cindex",0.771480804387569,94.8,0,5,"multi","deep_learning"
"18","with_finetuning","lgg_gbm_OS_STATUS","analysis145","lgg_gbm","DirectPred","","",NA,"OS_STATUS","OS_MONTHS","mut,cna","intermediate",100,10,500,20,FALSE,TRUE,100,"DirectPred","OS_STATUS","numerical","cindex",0.813854489164087,100,1,1,"multi","deep_learning"
"19","no_finetuning","metabric_CHEMOTHERAPY","analysis155","metabric","GNN","GCN","CHEMOTHERAPY",NA,"","","gex,cna","early",100,10,500,20,FALSE,TRUE,0,"GNN","CHEMOTHERAPY","categorical","f1_score",0.813622802790549,99.6,1,2,"multi","deep_learning"
"20","with_finetuning","metabric_CHEMOTHERAPY","analysis164","metabric","supervised_vae","","CHEMOTHERAPY",NA,"","","gex,cna","intermediate",100,10,500,20,FALSE,TRUE,100,"supervised_vae","CHEMOTHERAPY","categorical","f1_score",0.816579906177066,100,1,1,"multi","deep_learning"
"21","no_finetuning","metabric_CLAUDIN_SUBTYPE","analysis192","metabric","XGBoost","","CLAUDIN_SUBTYPE",NA,"","","gex,cna","early",100,10,500,20,FALSE,TRUE,0,"XGBoostClassifier","CLAUDIN_SUBTYPE","categorical","f1_score",0.783941623614815,100,1,1,"multi","deep_learning"
"22","with_finetuning","metabric_CLAUDIN_SUBTYPE","analysis181","metabric","DirectPred","","CLAUDIN_SUBTYPE",NA,"","","gex,cna","intermediate",100,10,500,20,FALSE,TRUE,100,"DirectPred","CLAUDIN_SUBTYPE","categorical","f1_score",0.769327862291249,98.1,1,2,"multi","deep_learning"
"23","no_finetuning","msi_status_msi","analysis197","msi_status","GNN","GC","msi",NA,"","","gex,meth","early",100,10,500,20,FALSE,TRUE,0,"GNN","msi","categorical","f1_score",0.957264138067001,100,1,1,"multi","deep_learning"
"24","no_finetuning","singlecell_bonemarrow_celltype_l1","analysis214","singlecell_bonemarrow","GNN","SAGE","celltype_l1",NA,"","","RNA","early",100,10,500,20,FALSE,TRUE,0,"GNN","celltype_l1","categorical","f1_score",0.989318207837988,100,0,1,"single","deep_learning"
"25","no_finetuning","singlecell_bonemarrow_celltype_l2","analysis212","singlecell_bonemarrow","XGBoost","","celltype_l2",NA,"","","RNA","early",100,10,500,20,FALSE,TRUE,0,"XGBoostClassifier","celltype_l2","categorical","f1_score",0.787926317723265,100,1,1,"single","deep_learning"
