"","fpr","tpr","thresholds"
"1",1,1,-Inf
"2",0.995689655172414,1,7.5934105e-05
"3",0.991379310344828,1,8.3877573e-05
"4",0.987068965517241,1,0.000197203213
"5",0.982758620689655,1,0.0003099801
"6",0.978448275862069,1,0.0003341038
"7",0.974137931034483,1,0.00036476851
"8",0.969827586206897,1,0.0003885028
"9",0.96551724137931,1,0.000411125575
"10",0.961206896551724,1,0.00045206564
"11",0.956896551724138,1,0.000488028425
"12",0.952586206896552,1,0.000549916335
"13",0.948275862068966,1,0.000618184
"14",0.943965517241379,1,0.00064137715
"15",0.939655172413793,1,0.000659430835
"16",0.935344827586207,1,0.000664759985
"17",0.931034482758621,1,0.00069677027
"18",0.926724137931034,1,0.00074639757
"19",0.922413793103448,1,0.00076873125
"20",0.918103448275862,1,0.00078651872
"21",0.913793103448276,1,0.000826137405
"22",0.90948275862069,1,0.0008640858
"23",0.905172413793103,1,0.000891554765
"24",0.900862068965517,1,0.00091091082
"25",0.896551724137931,1,0.00091778247
"26",0.892241379310345,1,0.00093034683
"27",0.887931034482759,1,0.000957456855
"28",0.883620689655172,1,0.000977391175
"29",0.879310344827586,1,0.0009887421
"30",0.875,1,0.001016203
"31",0.870689655172414,1,0.00106280085
"32",0.866379310344828,1,0.00109973925
"33",0.862068965517241,1,0.0011092011
"34",0.857758620689655,1,0.00111089415
"35",0.853448275862069,1,0.0011156425
"36",0.849137931034483,1,0.00113439475
"37",0.844827586206897,1,0.00116413055
"38",0.84051724137931,1,0.00119553595
"39",0.836206896551724,1,0.00121425415
"40",0.831896551724138,1,0.0012183305
"41",0.827586206896552,1,0.00122247155
"42",0.823275862068966,1,0.0012540058
"43",0.818965517241379,1,0.00128506435
"44",0.814655172413793,1,0.0013075094
"45",0.810344827586207,1,0.0013291276
"46",0.806034482758621,1,0.00134004515
"47",0.801724137931034,1,0.00136047145
"48",0.797413793103448,1,0.0013914887
"49",0.793103448275862,1,0.0014176017
"50",0.788793103448276,1,0.00142984795
"51",0.78448275862069,1,0.0014610144
"52",0.780172413793103,1,0.00149339865
"53",0.775862068965517,1,0.00150432735
"54",0.771551724137931,1,0.00150890765
"55",0.767241379310345,1,0.00151101625
"56",0.762931034482759,1,0.0015371567
"57",0.758620689655172,1,0.00157420015
"58",0.754310344827586,1,0.00158971865
"59",0.75,1,0.00159536225
"60",0.745689655172414,1,0.0016193376
"61",0.741379310344828,1,0.00169645545
"62",0.737068965517241,1,0.0017629405
"63",0.732758620689655,1,0.00177663055
"64",0.728448275862069,1,0.001805636
"65",0.724137931034483,1,0.00183372595
"66",0.719827586206897,1,0.00185408805
"67",0.71551724137931,1,0.0018855526
"68",0.711206896551724,1,0.00190894725
"69",0.706896551724138,1,0.0019210534
"70",0.702586206896552,1,0.0019287698
"71",0.698275862068966,1,0.00195017515
"72",0.693965517241379,1,0.0019716812
"73",0.689655172413793,1,0.00200475635
"74",0.685344827586207,1,0.00203528665
"75",0.681034482758621,1,0.00204385915
"76",0.676724137931034,1,0.0020578533
"77",0.672413793103448,1,0.00207758485
"78",0.668103448275862,1,0.00208844335
"79",0.663793103448276,1,0.00211688665
"80",0.65948275862069,1,0.00218047725
"81",0.655172413793103,1,0.00223536915
"82",0.650862068965517,1,0.00225471445
"83",0.646551724137931,1,0.0022685092
"84",0.642241379310345,1,0.00228860295
"85",0.637931034482759,1,0.0023614168
"86",0.633620689655172,1,0.00243661985
"87",0.629310344827586,1,0.0024465567
"88",0.625,1,0.0024730505
"89",0.620689655172414,1,0.0025161583
"90",0.616379310344828,1,0.00253831465
"91",0.612068965517241,1,0.0025529782
"92",0.607758620689655,1,0.0025668302
"93",0.603448275862069,1,0.0025812385
"94",0.599137931034483,1,0.0026036815
"95",0.594827586206897,1,0.0026393462
"96",0.59051724137931,1,0.00267282335
"97",0.586206896551724,1,0.00268446585
"98",0.581896551724138,1,0.0027623452
"99",0.577586206896552,1,0.00285849995
"100",0.573275862068966,1,0.00289583545
"101",0.568965517241379,1,0.0029335399
"102",0.564655172413793,1,0.0029731346
"103",0.560344827586207,1,0.00299944565
"104",0.556034482758621,1,0.00300962015
"105",0.551724137931034,1,0.00303009655
"106",0.547413793103448,1,0.0030971557
"107",0.543103448275862,1,0.00315942615
"108",0.538793103448276,1,0.0031848827
"109",0.53448275862069,1,0.0032707378
"110",0.530172413793103,1,0.0033582883
"111",0.525862068965517,1,0.0033735137
"112",0.521551724137931,1,0.0034051988
"113",0.517241379310345,1,0.00344281865
"114",0.512931034482759,1,0.00346957565
"115",0.508620689655172,1,0.003491257
"116",0.504310344827586,1,0.0034959019
"117",0.5,1,0.0035160877
"118",0.495689655172414,1,0.003605022
"119",0.491379310344828,1,0.0036771591
"120",0.487068965517241,1,0.00369590885
"121",0.482758620689655,1,0.0037266036
"122",0.478448275862069,1,0.00375032165
"123",0.474137931034483,1,0.00377638925
"124",0.469827586206897,1,0.0038410035
"125",0.46551724137931,1,0.00390711225
"126",0.461206896551724,1,0.0039577535
"127",0.456896551724138,1,0.0040200979
"128",0.452586206896552,1,0.0040820842
"129",0.448275862068966,1,0.0041165848
"130",0.443965517241379,1,0.004152679
"131",0.439655172413793,1,0.00422088465
"132",0.435344827586207,1,0.00428704365
"133",0.431034482758621,1,0.004331545
"134",0.426724137931034,1,0.00435717565
"135",0.422413793103448,1,0.00438371615
"136",0.418103448275862,1,0.00441564025
"137",0.413793103448276,1,0.00448308395
"138",0.40948275862069,1,0.0045312712
"139",0.405172413793103,1,0.00456403725
"140",0.400862068965517,1,0.00464873695
"141",0.396551724137931,1,0.0047296522
"142",0.392241379310345,1,0.0048268932
"143",0.387931034482759,1,0.00489859005
"144",0.383620689655172,1,0.00497688835
"145",0.379310344827586,1,0.0050771475
"146",0.375,1,0.00514723125
"147",0.370689655172414,1,0.00522286095
"148",0.366379310344828,1,0.0052621197
"149",0.362068965517241,1,0.0052755535
"150",0.362068965517241,0.980392156862745,0.005383821
"151",0.362068965517241,0.96078431372549,0.00550600735
"152",0.357758620689655,0.96078431372549,0.00560985785
"153",0.353448275862069,0.96078431372549,0.0057110305
"154",0.349137931034483,0.96078431372549,0.00574514325
"155",0.344827586206897,0.96078431372549,0.0058912146
"156",0.34051724137931,0.96078431372549,0.0060765941
"157",0.336206896551724,0.96078431372549,0.00614533025
"158",0.331896551724138,0.96078431372549,0.0063414656
"159",0.327586206896552,0.96078431372549,0.0065994431
"160",0.323275862068966,0.96078431372549,0.0067280618
"161",0.318965517241379,0.96078431372549,0.0069440698
"162",0.314655172413793,0.96078431372549,0.00725463725
"163",0.310344827586207,0.96078431372549,0.00740841405
"164",0.306034482758621,0.96078431372549,0.0074209568
"165",0.301724137931034,0.96078431372549,0.0075005388
"166",0.297413793103448,0.96078431372549,0.007638481
"167",0.293103448275862,0.96078431372549,0.0077500982
"168",0.288793103448276,0.96078431372549,0.0078928725
"169",0.28448275862069,0.96078431372549,0.0079995615
"170",0.280172413793103,0.96078431372549,0.008009148
"171",0.275862068965517,0.96078431372549,0.008129367
"172",0.271551724137931,0.96078431372549,0.00835167
"173",0.267241379310345,0.96078431372549,0.0084635065
"174",0.262931034482759,0.96078431372549,0.0085020735
"175",0.258620689655172,0.96078431372549,0.008604909
"176",0.254310344827586,0.96078431372549,0.008755817
"177",0.25,0.96078431372549,0.0088681595
"178",0.245689655172414,0.96078431372549,0.0090844325
"179",0.241379310344828,0.96078431372549,0.0093833755
"180",0.237068965517241,0.96078431372549,0.009604131
"181",0.232758620689655,0.96078431372549,0.009751537
"182",0.228448275862069,0.96078431372549,0.009873251
"183",0.224137931034483,0.96078431372549,0.0099782045
"184",0.219827586206897,0.96078431372549,0.0102271
"185",0.21551724137931,0.96078431372549,0.010531824
"186",0.211206896551724,0.96078431372549,0.0108241245
"187",0.206896551724138,0.96078431372549,0.0112296415
"188",0.202586206896552,0.96078431372549,0.011770746
"189",0.198275862068966,0.96078431372549,0.0133440005
"190",0.193965517241379,0.96078431372549,0.014621338
"191",0.189655172413793,0.96078431372549,0.0147509995
"192",0.185344827586207,0.96078431372549,0.0148662855
"193",0.181034482758621,0.96078431372549,0.0150072515
"194",0.176724137931034,0.96078431372549,0.01530126325
"195",0.172413793103448,0.96078431372549,0.01621039325
"196",0.168103448275862,0.96078431372549,0.0170291925
"197",0.163793103448276,0.96078431372549,0.0174190225
"198",0.15948275862069,0.96078431372549,0.0184939815
"199",0.155172413793103,0.96078431372549,0.0196054405
"200",0.150862068965517,0.96078431372549,0.020057833
"201",0.146551724137931,0.96078431372549,0.0202790145
"202",0.142241379310345,0.96078431372549,0.0214349655
"203",0.137931034482759,0.96078431372549,0.0227226375
"204",0.133620689655172,0.96078431372549,0.022993712
"205",0.129310344827586,0.96078431372549,0.025856888
"206",0.125,0.96078431372549,0.029130578
"207",0.120689655172414,0.96078431372549,0.0323664705
"208",0.116379310344828,0.96078431372549,0.0354136025
"209",0.112068965517241,0.96078431372549,0.035712385
"210",0.107758620689655,0.96078431372549,0.0383415065
"211",0.103448275862069,0.96078431372549,0.0430156115
"212",0.0991379310344828,0.96078431372549,0.045826885
"213",0.0948275862068966,0.96078431372549,0.051878521
"214",0.0905172413793104,0.96078431372549,0.058284911
"215",0.0862068965517241,0.96078431372549,0.059896317
"216",0.0818965517241379,0.96078431372549,0.064374802
"217",0.0775862068965517,0.96078431372549,0.0695396375
"218",0.0732758620689655,0.96078431372549,0.0723611375
"219",0.0689655172413793,0.96078431372549,0.07728825
"220",0.0646551724137931,0.96078431372549,0.08464549
"221",0.0646551724137931,0.941176470588235,0.096468595
"222",0.0603448275862069,0.941176470588235,0.11042334
"223",0.0560344827586207,0.941176470588235,0.117535715
"224",0.0517241379310345,0.941176470588235,0.124770005
"225",0.0474137931034483,0.941176470588235,0.134099485
"226",0.0474137931034483,0.92156862745098,0.138194115
"227",0.0431034482758621,0.92156862745098,0.139588685
"228",0.0387931034482759,0.92156862745098,0.150412145
"229",0.0387931034482759,0.901960784313726,0.21681834
"230",0.0387931034482759,0.882352941176471,0.28863411
"231",0.0344827586206896,0.882352941176471,0.335976985
"232",0.0301724137931034,0.882352941176471,0.374379305
"233",0.0258620689655172,0.882352941176471,0.40329003
"234",0.021551724137931,0.882352941176471,0.4630936
"235",0.021551724137931,0.862745098039216,0.5677238
"236",0.0172413793103449,0.862745098039216,0.64082335
"237",0.0129310344827587,0.862745098039216,0.656667985
"238",0.0129310344827587,0.843137254901961,0.675560335
"239",0.00862068965517238,0.843137254901961,0.72408498
"240",0.00431034482758619,0.843137254901961,0.784449695
"241",0.00431034482758619,0.823529411764706,0.820249465
"242",0.00431034482758619,0.803921568627451,0.8399588
"243",0.00431034482758619,0.784313725490196,0.848765625
"244",0,0.784313725490196,0.8575457
"245",0,0.764705882352941,0.884718275
"246",0,0.745098039215686,0.9245821
"247",0,0.725490196078431,0.94867158
"248",0,0.705882352941177,0.95999768
"249",0,0.686274509803922,0.96707925
"250",0,0.666666666666667,0.97011617
"251",0,0.647058823529412,0.97624747
"252",0,0.627450980392157,0.984768075
"253",0,0.607843137254902,0.988492755
"254",0,0.588235294117647,0.9889667
"255",0,0.568627450980392,0.989261745
"256",0,0.549019607843137,0.98990044
"257",0,0.529411764705882,0.990398215
"258",0,0.509803921568627,0.9904657
"259",0,0.490196078431373,0.992028875
"260",0,0.470588235294118,0.993646725
"261",0,0.450980392156863,0.99461658
"262",0,0.431372549019608,0.99556868
"263",0,0.411764705882353,0.99590667
"264",0,0.392156862745098,0.99635037
"265",0,0.372549019607843,0.99678515
"266",0,0.352941176470588,0.99733515
"267",0,0.333333333333333,0.99780205
"268",0,0.313725490196078,0.99826948
"269",0,0.294117647058824,0.99868235
"270",0,0.274509803921569,0.99883772
"271",0,0.254901960784314,0.9988992
"272",0,0.235294117647059,0.99896997
"273",0,0.215686274509804,0.99900952
"274",0,0.196078431372549,0.9991915
"275",0,0.176470588235294,0.9994017
"276",0,0.156862745098039,0.9994658
"277",0,0.137254901960784,0.999502125
"278",0,0.117647058823529,0.999541975
"279",0,0.0980392156862745,0.99965168
"280",0,0.0784313725490196,0.99973668
"281",0,0.0588235294117647,0.9997774
"282",0,0.0392156862745098,0.99981482
"283",0,0.0196078431372549,0.99991092
"284",0,0,Inf
