"","gnn_conv","group","prefix","task","tool","target","batch","event","time","data_types","fusion","hpo_iter","early_stop_patience","features_min","feature_perc","log_transform","use_loss_weighting","finetuning_samples","method","var","variable_type","metric","value","score","top","ranking","omics","learning","finetuning"
"1","GC","ccle_vs_gdsc_Crizotinib","analysis0","ccle_vs_gdsc","GNN","Crizotinib",NA,"","","rna,cnv","early",100,10,500,20,FALSE,TRUE,0,"GNN","Crizotinib","numerical","pearson_corr",0.269246595759731,73.8,0,4,"multi","deep_learning","no_finetuning"
"2","SAGE","ccle_vs_gdsc_Crizotinib","analysis3","ccle_vs_gdsc","GNN","Crizotinib",NA,"","","rna,cnv","early",100,10,500,20,FALSE,TRUE,100,"GNN","Crizotinib","numerical","pearson_corr",0.330526956809788,90.6,1,2,"multi","deep_learning","with_finetuning"
"3","GCN","ccle_vs_gdsc_Crizotinib","analysis5","ccle_vs_gdsc","GNN","Crizotinib",NA,"","","rna,cnv","early",100,10,500,20,FALSE,TRUE,100,"GNN","Crizotinib","numerical","pearson_corr",0.0851984032336182,23.3,0,14,"multi","deep_learning","with_finetuning"
"4","GC","ccle_vs_gdsc_Erlotinib","analysis17","ccle_vs_gdsc","GNN","Erlotinib",NA,"","","rna,cnv","early",100,10,500,20,FALSE,TRUE,0,"GNN","Erlotinib","numerical","pearson_corr",0.361245973317284,85.4,0,6,"multi","deep_learning","no_finetuning"
"5","SAGE","ccle_vs_gdsc_Erlotinib","analysis20","ccle_vs_gdsc","GNN","Erlotinib",NA,"","","rna,cnv","early",100,10,500,20,FALSE,TRUE,100,"GNN","Erlotinib","numerical","pearson_corr",0.299336850868683,70.8,0,10,"multi","deep_learning","with_finetuning"
"6","GCN","ccle_vs_gdsc_Erlotinib","analysis21","ccle_vs_gdsc","GNN","Erlotinib",NA,"","","rna,cnv","early",100,10,500,20,FALSE,TRUE,0,"GNN","Erlotinib","numerical","pearson_corr",0.251506538791064,59.5,0,14,"multi","deep_learning","no_finetuning"
"7","GC","ccle_vs_gdsc_Irinotecan","analysis35","ccle_vs_gdsc","GNN","Irinotecan",NA,"","","rna,cnv","early",100,10,500,20,FALSE,TRUE,100,"GNN","Irinotecan","numerical","pearson_corr",0.403777412510115,71.7,0,12,"multi","deep_learning","with_finetuning"
"8","SAGE","ccle_vs_gdsc_Irinotecan","analysis36","ccle_vs_gdsc","GNN","Irinotecan",NA,"","","rna,cnv","early",100,10,500,20,FALSE,TRUE,0,"GNN","Irinotecan","numerical","pearson_corr",0.529549812068026,94.1,0,3,"multi","deep_learning","no_finetuning"
"9","GCN","ccle_vs_gdsc_Irinotecan","analysis38","ccle_vs_gdsc","GNN","Irinotecan",NA,"","","rna,cnv","early",100,10,500,20,FALSE,TRUE,0,"GNN","Irinotecan","numerical","pearson_corr",0.441996689464289,78.5,0,8,"multi","deep_learning","no_finetuning"
"10","GC","ccle_vs_gdsc_Lapatinib","analysis51","ccle_vs_gdsc","GNN","Lapatinib",NA,"","","rna,cnv","early",100,10,500,20,FALSE,TRUE,0,"GNN","Lapatinib","numerical","pearson_corr",0.491786881748776,84.7,0,7,"multi","deep_learning","no_finetuning"
"11","SAGE","ccle_vs_gdsc_Lapatinib","analysis54","ccle_vs_gdsc","GNN","Lapatinib",NA,"","","rna,cnv","early",100,10,500,20,FALSE,TRUE,100,"GNN","Lapatinib","numerical","pearson_corr",0.539256579721856,92.8,0,3,"multi","deep_learning","with_finetuning"
"12","GCN","ccle_vs_gdsc_Lapatinib","analysis55","ccle_vs_gdsc","GNN","Lapatinib",NA,"","","rna,cnv","early",100,10,500,20,FALSE,TRUE,0,"GNN","Lapatinib","numerical","pearson_corr",0.463100134629366,79.7,0,9,"multi","deep_learning","no_finetuning"
"13","GC","ccle_vs_gdsc_Paclitaxel","analysis68","ccle_vs_gdsc","GNN","Paclitaxel",NA,"","","rna,cnv","early",100,10,500,20,FALSE,TRUE,0,"GNN","Paclitaxel","numerical","pearson_corr",0.295108049226848,84.9,0,5,"multi","deep_learning","no_finetuning"
"14","SAGE","ccle_vs_gdsc_Paclitaxel","analysis71","ccle_vs_gdsc","GNN","Paclitaxel",NA,"","","rna,cnv","early",100,10,500,20,FALSE,TRUE,100,"GNN","Paclitaxel","numerical","pearson_corr",0.268805358951814,77.3,0,8,"multi","deep_learning","with_finetuning"
"15","GCN","ccle_vs_gdsc_Paclitaxel","analysis72","ccle_vs_gdsc","GNN","Paclitaxel",NA,"","","rna,cnv","early",100,10,500,20,FALSE,TRUE,0,"GNN","Paclitaxel","numerical","pearson_corr",0.241973955884323,69.6,0,10,"multi","deep_learning","no_finetuning"
"16","GC","ccle_vs_gdsc_Palbociclib","analysis85","ccle_vs_gdsc","GNN","Palbociclib",NA,"","","rna,cnv","early",100,10,500,20,FALSE,TRUE,0,"GNN","Palbociclib","numerical","pearson_corr",0.263149703045938,63.2,0,14,"multi","deep_learning","no_finetuning"
"17","SAGE","ccle_vs_gdsc_Palbociclib","analysis88","ccle_vs_gdsc","GNN","Palbociclib",NA,"","","rna,cnv","early",100,10,500,20,FALSE,TRUE,100,"GNN","Palbociclib","numerical","pearson_corr",0.381468767275408,91.6,0,6,"multi","deep_learning","with_finetuning"
"18","GCN","ccle_vs_gdsc_Palbociclib","analysis89","ccle_vs_gdsc","GNN","Palbociclib",NA,"","","rna,cnv","early",100,10,500,20,FALSE,TRUE,0,"GNN","Palbociclib","numerical","pearson_corr",0.317833863350744,76.3,0,9,"multi","deep_learning","no_finetuning"
"19","GC","ccle_vs_gdsc_Selumetinib","analysis103","ccle_vs_gdsc","GNN","Selumetinib",NA,"","","rna,cnv","early",100,10,500,20,FALSE,TRUE,100,"GNN","Selumetinib","numerical","pearson_corr",0.57485758515307,90.8,0,7,"multi","deep_learning","with_finetuning"
"20","SAGE","ccle_vs_gdsc_Selumetinib","analysis105","ccle_vs_gdsc","GNN","Selumetinib",NA,"","","rna,cnv","early",100,10,500,20,FALSE,TRUE,100,"GNN","Selumetinib","numerical","pearson_corr",0.59987453063866,94.7,0,3,"multi","deep_learning","with_finetuning"
"21","GCN","ccle_vs_gdsc_Selumetinib","analysis106","ccle_vs_gdsc","GNN","Selumetinib",NA,"","","rna,cnv","early",100,10,500,20,FALSE,TRUE,0,"GNN","Selumetinib","numerical","pearson_corr",0.474250077719772,74.9,0,16,"multi","deep_learning","no_finetuning"
"22","GC","ccle_vs_gdsc_Sorafenib","analysis120","ccle_vs_gdsc","GNN","Sorafenib",NA,"","","rna,cnv","early",100,10,500,20,FALSE,TRUE,100,"GNN","Sorafenib","numerical","pearson_corr",0.454923096878251,94.8,1,2,"multi","deep_learning","with_finetuning"
"23","SAGE","ccle_vs_gdsc_Sorafenib","analysis121","ccle_vs_gdsc","GNN","Sorafenib",NA,"","","rna,cnv","early",100,10,500,20,FALSE,TRUE,0,"GNN","Sorafenib","numerical","pearson_corr",0.426158045096071,88.8,0,5,"multi","deep_learning","no_finetuning"
"24","GCN","ccle_vs_gdsc_Sorafenib","analysis123","ccle_vs_gdsc","GNN","Sorafenib",NA,"","","rna,cnv","early",100,10,500,20,FALSE,TRUE,0,"GNN","Sorafenib","numerical","pearson_corr",0.401276237459762,83.6,0,7,"multi","deep_learning","no_finetuning"
"25","GC","lgg_gbm_OS_STATUS","analysis137","lgg_gbm","GNN","",NA,"OS_STATUS","OS_MONTHS","mut,cna","early",100,10,500,20,FALSE,TRUE,100,"GNN","OS_STATUS","numerical","cindex",0.778947368421053,95.7,0,4,"multi","deep_learning","with_finetuning"
"26","SAGE","lgg_gbm_OS_STATUS","analysis138","lgg_gbm","GNN","",NA,"OS_STATUS","OS_MONTHS","mut,cna","early",100,10,500,20,FALSE,TRUE,0,"GNN","OS_STATUS","numerical","cindex",0.765343431705406,94,0,6,"multi","deep_learning","no_finetuning"
"27","GCN","lgg_gbm_OS_STATUS","analysis141","lgg_gbm","GNN","",NA,"OS_STATUS","OS_MONTHS","mut,cna","early",100,10,500,20,FALSE,TRUE,100,"GNN","OS_STATUS","numerical","cindex",0.779949022939677,95.8,0,3,"multi","deep_learning","with_finetuning"
"28","GC","metabric_CHEMOTHERAPY","analysis151","metabric","GNN","CHEMOTHERAPY",NA,"","","gex,cna","early",100,10,500,20,FALSE,TRUE,0,"GNN","CHEMOTHERAPY","categorical","f1_score",0.779785225597602,95.5,0,14,"multi","deep_learning","no_finetuning"
"29","SAGE","metabric_CHEMOTHERAPY","analysis153","metabric","GNN","CHEMOTHERAPY",NA,"","","gex,cna","early",100,10,500,20,FALSE,TRUE,0,"GNN","CHEMOTHERAPY","categorical","f1_score",0.804394204466627,98.5,0,7,"multi","deep_learning","no_finetuning"
"30","GCN","metabric_CHEMOTHERAPY","analysis155","metabric","GNN","CHEMOTHERAPY",NA,"","","gex,cna","early",100,10,500,20,FALSE,TRUE,0,"GNN","CHEMOTHERAPY","categorical","f1_score",0.813622802790549,99.6,1,2,"multi","deep_learning","no_finetuning"
"31","GC","metabric_CLAUDIN_SUBTYPE","analysis172","metabric","GNN","CLAUDIN_SUBTYPE",NA,"","","gex,cna","early",100,10,500,20,FALSE,TRUE,0,"GNN","CLAUDIN_SUBTYPE","categorical","f1_score",0.747766332513871,95.4,0,6,"multi","deep_learning","no_finetuning"
"32","SAGE","metabric_CLAUDIN_SUBTYPE","analysis174","metabric","GNN","CLAUDIN_SUBTYPE",NA,"","","gex,cna","early",100,10,500,20,FALSE,TRUE,0,"GNN","CLAUDIN_SUBTYPE","categorical","f1_score",0.74158542224402,94.6,0,10,"multi","deep_learning","no_finetuning"
"33","GCN","metabric_CLAUDIN_SUBTYPE","analysis176","metabric","GNN","CLAUDIN_SUBTYPE",NA,"","","gex,cna","early",100,10,500,20,FALSE,TRUE,0,"GNN","CLAUDIN_SUBTYPE","categorical","f1_score",0.75631498711332,96.5,0,3,"multi","deep_learning","no_finetuning"
"34","GC","msi_status_msi","analysis197","msi_status","GNN","msi",NA,"","","gex,meth","early",100,10,500,20,FALSE,TRUE,0,"GNN","msi","categorical","f1_score",0.957264138067001,100,1,1,"multi","deep_learning","no_finetuning"
"35","SAGE","msi_status_msi","analysis198","msi_status","GNN","msi",NA,"","","gex,meth","early",100,10,500,20,FALSE,TRUE,0,"GNN","msi","categorical","f1_score",0.950530035335689,99.3,0,5,"multi","deep_learning","no_finetuning"
"36","GCN","msi_status_msi","analysis199","msi_status","GNN","msi",NA,"","","gex,meth","early",100,10,500,20,FALSE,TRUE,0,"GNN","msi","categorical","f1_score",0.949731854325494,99.2,0,6,"multi","deep_learning","no_finetuning"
"37","GC","singlecell_bonemarrow_celltype_l1","analysis213","singlecell_bonemarrow","GNN","celltype_l1",NA,"","","RNA","early",100,10,500,20,FALSE,TRUE,0,"GNN","celltype_l1","categorical","f1_score",0.987610016778236,99.8,0,3,"single","deep_learning","no_finetuning"
"38","SAGE","singlecell_bonemarrow_celltype_l1","analysis214","singlecell_bonemarrow","GNN","celltype_l1",NA,"","","RNA","early",100,10,500,20,FALSE,TRUE,0,"GNN","celltype_l1","categorical","f1_score",0.989318207837988,100,0,1,"single","deep_learning","no_finetuning"
"39","GCN","singlecell_bonemarrow_celltype_l1","analysis215","singlecell_bonemarrow","GNN","celltype_l1",NA,"","","RNA","early",100,10,500,20,FALSE,TRUE,0,"GNN","celltype_l1","categorical","f1_score",0.984951042290564,99.5,0,6,"single","deep_learning","no_finetuning"
"40","GC","singlecell_bonemarrow_celltype_l2","analysis205","singlecell_bonemarrow","GNN","celltype_l2",NA,"","","RNA","early",100,10,500,20,FALSE,TRUE,0,"GNN","celltype_l2","categorical","f1_score",0.757132888853846,96.1,0,3,"single","deep_learning","no_finetuning"
"41","SAGE","singlecell_bonemarrow_celltype_l2","analysis206","singlecell_bonemarrow","GNN","celltype_l2",NA,"","","RNA","early",100,10,500,20,FALSE,TRUE,0,"GNN","celltype_l2","categorical","f1_score",0.754196078859197,95.7,0,4,"single","deep_learning","no_finetuning"
"42","GCN","singlecell_bonemarrow_celltype_l2","analysis207","singlecell_bonemarrow","GNN","celltype_l2",NA,"","","RNA","early",100,10,500,20,FALSE,TRUE,0,"GNN","celltype_l2","categorical","f1_score",0.752839140831715,95.5,0,5,"single","deep_learning","no_finetuning"
