"","tSNE1","tSNE2","factor"
"TCGA-EJ-7327",-22.1320584327194,13.7071230752655,"5"
"TCGA-CJ-6032",1.95687958502588,-19.1701559002062,"4"
"TCGA-D1-A17A",-8.79434660014618,19.1831203788566,"8"
"TCGA-85-7696",20.097019787234,-10.0103903131168,"1"
"TCGA-SY-A9G5",12.0611731745193,3.38783627446,"20"
"TCGA-CC-A8HV",-5.30993496975911,30.4238997823774,"2"
"TCGA-AR-A2LO",-12.2897637228609,5.87565353664795,"11"
"TCGA-B8-A54I",3.23071641084818,-16.1565303628904,"4"
"TCGA-DX-A48R",-15.2119845794414,-4.00396739323398,"21"
"TCGA-2Y-A9GT",-0.675386624436753,33.0119797656306,"2"
"TCGA-QR-A70W",-27.6058158636277,-17.980750515497,"13"
"TCGA-YU-A912",21.6439783835058,-19.9558954664787,"17"
"TCGA-E1-A7YK",-33.0317279779857,-1.6000153252833,"23"
"TCGA-DJ-A1QH",10.6937769609792,-29.1914587124491,"19"
"TCGA-EW-A1IZ",-10.0015541607814,6.66756888446132,"11"
"TCGA-B6-A0RP",-13.7419541282137,5.37269720021715,"11"
"TCGA-D5-6932",14.9142629462573,21.6160283183379,"10"
"TCGA-HU-A4GU",12.8400461654426,16.3204976523383,"10"
"TCGA-49-AAR0",6.48851333299588,-7.24349297373865,"15"
"TCGA-D1-A16N",-10.8483567025489,19.7648872247631,"8"
"TCGA-ZJ-AAX8",22.4844490083822,2.882909944347,"9"
"TCGA-ED-A7XO",0.384049100595049,33.1420911615823,"2"
"TCGA-A7-A0CE",-11.9734851771859,3.03741860018362,"7"
"TCGA-UB-AA0U",-0.866664110989835,32.6843275890627,"2"
"TCGA-P3-A6SW",22.3030889777642,3.48332474330069,"9"
"TCGA-VR-A8ER",20.1196310634445,-8.70782730333281,"1"
"TCGA-IB-7654",0.377647939949761,8.69034635992439,"16"
"TCGA-XE-A9SE",20.0652049370144,-18.6636695995087,"17"
"TCGA-AX-A1C4",-6.88952901616897,18.9365978005814,"8"
"TCGA-FV-A23B",-2.41255286325403,33.7618067513361,"2"
"TCGA-XK-AAIV",-18.9960459779972,12.9829468284177,"5"
"TCGA-D8-A1XO",-13.2864742858782,5.35365048705872,"11"
"TCGA-BQ-5876",-4.57498045182662,-18.8074580942241,"3"
"TCGA-RW-A681",-29.6891362682529,-14.8833870005096,"13"
"TCGA-C5-A2LT",18.3097348617705,2.73567140033374,"9"
"TCGA-XF-A9SU",10.6293089202041,2.13995069110784,"20"
"TCGA-WB-A81K",-27.2627649941234,-15.1163129582643,"13"
"TCGA-B0-4827",1.94480990108228,-16.396666997953,"4"
"TCGA-AA-3663",-3.0394388340304,8.26805210356587,"7"
"TCGA-US-A779",1.94321039929925,10.1027916552801,"16"
"TCGA-DB-5270",-34.7816913915944,-2.7790141085078,"23"
"TCGA-FD-A3SJ",9.37963906468707,2.81573280690507,"20"
"TCGA-IP-7968",10.4914648497922,12.9593002215621,"22"
"TCGA-DB-A64O",-32.404245085293,-3.67521833369319,"23"
"TCGA-IN-A6RR",6.03295582832497,17.6846467947295,"22"
"TCGA-67-6216",3.54434215525058,-5.64710061024661,"15"
"TCGA-A3-A8CQ",0.0460936280558632,-16.5861840888883,"4"
"TCGA-XF-A9T8",13.630256359889,-0.0207530030502116,"12"
"TCGA-A4-8311",-10.9303706256907,-25.4266970299083,"6"
"TCGA-LC-A66R",12.9917782680565,0.827474421698493,"12"
"TCGA-CQ-5325",16.8190053611027,-0.909966354160778,"12"
"TCGA-EJ-A65B",-19.3130580002062,11.7661292830225,"5"
"TCGA-EY-A2OQ",-7.47048252657008,13.8869082228761,"8"
"TCGA-56-A4ZJ",8.60039182700272,-9.16447680899121,"7"
"TCGA-BA-5152",17.5275818458929,-2.2032503178483,"12"
"TCGA-2G-AAHP",21.0665874514698,-18.8605029941342,"17"
"TCGA-PR-A5PG",-28.8516664706342,-15.9523453226498,"13"
"TCGA-UZ-A9PU",-10.232517890502,-24.5891856507155,"6"
"TCGA-DX-AB3B",-8.99632292243626,-0.780829191883472,"18"
"TCGA-LN-A7HV",18.1112939752195,-4.21384629922732,"12"
"TCGA-2G-AALX",-8.98541661731051,-6.7358339135236,"7"
"TCGA-EO-A3L0",-6.88972306587357,17.4751224860188,"8"
"TCGA-33-4589",8.17540182603722,-11.0207354292446,"7"
"TCGA-DX-A3U5",-4.28671843845359,-0.430930788466659,"14"
"TCGA-5P-A9K9",-5.59376090737944,-23.3949249322077,"3"
"TCGA-UZ-A9PX",-9.7559511360258,-24.8951785467055,"6"
"TCGA-97-A4M0",3.74442122146158,-5.64493291711668,"15"
"TCGA-AP-A1DR",-7.06951179316622,18.7813450837022,"8"
"TCGA-A5-A2K4",-7.6191734296532,13.0220892676757,"8"
"TCGA-KD-A5QU",-15.300862745724,-2.78875679253302,"21"
"TCGA-G3-A25Z",-0.832494652157348,33.4518926602495,"2"
"TCGA-CR-7380",19.7675525801631,-1.03648647038739,"12"
"TCGA-VS-A950",23.4506943716524,1.608922309524,"9"
"TCGA-E7-A5KF",6.52403025410769,4.23726707026847,"20"
"TCGA-B9-A8YH",-9.74940309671142,-24.5978176255589,"6"
"TCGA-BI-A0VS",18.5760994368515,-2.28774750398305,"12"
"TCGA-RC-A7S9",-3.83454773266372,30.1031936356152,"2"
"TCGA-IN-A7NR",8.0315799621478,10.098503022064,"22"
"TCGA-34-5232",15.5649918649313,-0.693393039754968,"1"
"TCGA-HZ-A49H",-0.878734698150063,7.53941278140183,"16"
"TCGA-86-8672",6.79548772227063,-3.63225605968376,"15"
"TCGA-WY-A85E",-35.4425924818214,0.288214997588935,"23"
"TCGA-VF-A8AC",20.6122049992521,-18.5361217269524,"17"
"TCGA-ZF-A9R9",11.8756090698447,10.9405984917723,"20"
"TCGA-70-6722",12.3085482395875,-1.88896296233312,"12"
"TCGA-3A-A9IR",-11.1993646987464,-19.2534939128962,"23"
"TCGA-A1-A0SO",-7.88305591840836,5.69714982118684,"11"
"TCGA-A5-A1OK",-8.78992471058608,18.5979359067203,"8"
"TCGA-E1-A7YY",-34.5362800274049,-3.67668568871046,"23"
"TCGA-EY-A1GF",-8.23902136592365,19.1994061451597,"8"
"TCGA-EY-A72D",-8.97455799445781,15.9426896831734,"8"
"TCGA-DD-AADV",0.666269555698813,33.1818346197614,"2"
"TCGA-BJ-A2NA",10.8746199337147,-29.783964167282,"19"
"TCGA-CZ-5464",-2.87470411231598,-17.2834619642594,"4"
"TCGA-BJ-A0Z0",8.88875756587534,-33.6043597832829,"19"
"TCGA-55-6985",6.17708350468803,-5.24648645702458,"15"
"TCGA-QR-A6H6",-25.2240835972748,-12.210658911357,"13"
"TCGA-EJ-5507",-21.5922955836177,13.9503260873896,"5"
"TCGA-G3-A5SL",-0.972855679774712,32.6645271832618,"2"
"TCGA-GV-A3JX",13.428263544797,6.36823946255812,"20"
"TCGA-RN-AAAQ",0.160957003923463,-4.00776252958449,"14"
"TCGA-IB-AAUQ",1.80196006271641,7.38270562486111,"16"
"TCGA-AZ-4684",17.0937559390993,20.6571553536657,"10"
"TCGA-B6-A3ZX",0.686378406733257,1.37029562779923,"7"
"TCGA-XD-AAUG",0.436531240278779,5.94044317847764,"7"
"TCGA-DX-AB2X",-1.98922382858871,-5.13455923820731,"14"
"TCGA-B1-5398",-7.79992522129462,-22.0603981220846,"3"
"TCGA-BG-A18A",-9.9868833551677,19.6641769724427,"8"
"TCGA-WX-AA46",-1.75279835854347,31.1070093719033,"2"
"TCGA-DD-AAVY",-1.77576063533885,32.2130801223156,"2"
"TCGA-MY-A913",19.1679546876171,3.16653802185327,"9"
"TCGA-ZM-AA0F",18.8354114763857,-18.6711174865666,"17"
"TCGA-XD-AAUI",1.38304685083741,7.19962059341074,"16"
"TCGA-DS-A1OB",25.7303750197906,1.79315930681399,"9"
"TCGA-63-A5MM",17.0539238199959,1.69783397832275,"12"
"TCGA-GC-A6I3",0.08212808963047,1.5343681653546,"7"
"TCGA-RM-A68T",-24.2910495460019,-11.7916721287142,"13"
"TCGA-E9-A1RF",-14.7999468040925,-8.7841625452748,"7"
"TCGA-VS-A9UM",25.0677404720143,1.38912987102415,"9"
"TCGA-UY-A78M",10.4891760028285,2.43516864371797,"20"
"TCGA-DS-A0VM",22.4756842696047,5.84269157328101,"9"
"TCGA-L5-A4OH",10.7022443926786,14.9671639750948,"22"
"TCGA-L9-A444",6.67927185626957,-5.0289451784548,"15"
"TCGA-CM-6171",11.5070229226979,19.8357425198444,"10"
"TCGA-78-7540",3.20458863927582,12.4623814738261,"16"
"TCGA-2Z-A9JI",-6.16301261349464,-23.4522980550666,"3"
"TCGA-L5-A4OO",9.36410577221681,11.4086342753657,"22"
"TCGA-HC-A48F",-23.1623682534719,16.0442665051016,"5"
"TCGA-B5-A3FA",-8.07242013877004,15.2597092679269,"8"
"TCGA-HC-A6HX",-19.3361169066509,11.5306804410068,"5"
"TCGA-97-7547",2.9219985658131,-5.94018508803094,"15"
"TCGA-CZ-5469",-3.68965623941441,-16.2685246254056,"4"
"TCGA-IB-A5SO",0.94634115182419,6.64579586411621,"16"
"TCGA-QG-A5Z2",12.6235777029014,18.954837899533,"10"
"TCGA-IB-AAUV",-0.403166281582523,3.25123708153291,"7"
"TCGA-56-8305",17.0418441132708,-9.93515664125947,"1"
"TCGA-FU-A5XV",23.6074362729249,0.832363773830738,"9"
"TCGA-VS-A9UZ",-1.30560944395867,15.8207471610468,"9"
"TCGA-AD-6548",16.1157518754215,20.065704521904,"10"
"TCGA-V5-A7RB",12.7346501654163,15.0842271508771,"22"
"TCGA-UE-A6QT",-1.38848081835483,0.205867863720965,"7"
"TCGA-DX-A23R",-6.74067995427241,-3.44093703030531,"18"
"TCGA-BJ-A0ZA",8.83328797598648,-33.6561691220834,"19"
"TCGA-WB-A818",-28.765960833548,-16.2570675207091,"13"
"TCGA-DD-A113",-2.945513953127,30.7018295058643,"2"
"TCGA-IW-A3M5",-7.07905771488937,-3.28665951021887,"18"
"TCGA-H9-A6BX",-20.4315907878278,10.4929677614532,"5"
"TCGA-TM-A7C3",-32.2390940392071,-5.14978281247008,"23"
"TCGA-IQ-7630",19.037447622671,-0.362398118719035,"12"
"TCGA-BR-8487",10.8928470298133,16.7229829723877,"22"
"TCGA-QT-A5XL",-24.7094293410669,-13.9063385333925,"13"
"TCGA-SG-A6Z4",-3.92516210085977,-3.86471382389851,"14"
"TCGA-ED-A7PY",-4.63659169043082,31.5873980520634,"2"
"TCGA-FU-A3YQ",22.3347885530474,2.39440804983244,"9"
"TCGA-HZ-A4BK",0.859046709310012,9.50890175110525,"16"
"TCGA-2W-A8YY",-6.59468649448871,20.4499937097486,"8"
"TCGA-91-6829",4.88556504424643,-8.75643631034198,"15"
"TCGA-34-5240",17.9563027346564,-10.3685000555191,"1"
"TCGA-B0-4848",-3.015749844483,-17.292610972301,"4"
"TCGA-L5-A8NE",5.79128847997384,14.0677715681252,"22"
"TCGA-L5-A88V",8.55444865097697,19.2040349677445,"22"
"TCGA-BI-A0VR",23.5966892334774,3.68974790374713,"9"
"TCGA-RW-A7D0",-27.9720062596198,-16.8923024311115,"13"
"TCGA-DX-A8BN",-3.45467268354828,-1.58374976842153,"14"
"TCGA-CG-5733",3.74968855825972,16.1065544614205,"22"
"TCGA-SX-A71U",-9.84610665817711,-24.6695021860809,"6"
"TCGA-BR-6565",6.05251705233921,10.2617127847695,"22"
"TCGA-B8-A54E",-7.73373165277942,-20.79735981708,"3"
"TCGA-EK-A2RK",25.6115863814846,2.93506979251738,"9"
"TCGA-AD-6901",14.6561420504194,21.2930996248708,"10"
"TCGA-21-5787",8.92650627235715,-1.52777317823088,"15"
"TCGA-ZG-A9L9",-20.4613594117173,15.1499019050294,"5"
"TCGA-VQ-A8P2",12.6090204289034,16.910637543543,"10"
"TCGA-4K-AA1H",19.9930833612487,-17.2665061178911,"17"
"TCGA-VS-A9V1",-0.73207393654959,16.2144139868248,"9"
"TCGA-CM-4748",15.0259535947182,20.7645789217061,"10"
"TCGA-FP-A9TM",9.47194640653931,15.6493772462073,"22"
"TCGA-IM-A3U2",12.0847843293232,-28.0691344123517,"19"
"TCGA-AJ-A8CW",-7.57544607004479,20.3441321067531,"8"
"TCGA-SP-A6QK",-26.3662402899346,-16.9420764662063,"13"
"TCGA-BT-A20O",-0.363894164101179,-1.84640969555296,"7"
"TCGA-CN-A49C",24.2023235357837,5.08847966613919,"9"
"TCGA-FI-A2EX",-8.70627567009065,12.9868828900439,"8"
"TCGA-BS-A0V8",-10.5465040952507,16.3346324158931,"8"
"TCGA-S7-A7WR",-27.9488542512543,-15.9200220559383,"13"
"TCGA-DX-A7EL",-14.8487696755513,-4.38011878962091,"21"
"TCGA-EK-A3GJ",26.9066031169332,4.52389171221686,"9"
"TCGA-55-7907",5.59311951267773,-4.52174987105349,"15"
"TCGA-WY-A858",-33.5208079763632,-1.57043099004662,"23"
"TCGA-DD-A11D",-1.85487959396804,30.9238255667395,"2"
"TCGA-FI-A2EY",-9.70815233140787,13.535162265173,"8"
"TCGA-C5-A7X5",26.8691819377451,4.45365275817677,"9"
"TCGA-S9-A7IS",-32.5093821356304,0.679140998600385,"23"
"TCGA-E3-A3E5",11.0549620389997,-31.525591668432,"19"
"TCGA-XE-AANV",21.3382293981798,-19.256871276649,"17"
"TCGA-QL-A97D",13.8696633648955,21.2871716199921,"10"
"TCGA-P3-A6T0",19.3937572836103,-2.83943470534014,"12"
"TCGA-D8-A1JL",-8.02268462257908,4.70864034699814,"7"
"TCGA-DX-A7ER",-9.17422541164024,-0.554642945185113,"18"
"TCGA-MH-A854",-8.16667550952622,-26.5079854113287,"6"
"TCGA-DJ-A3VA",11.0974119721304,-30.5984967883245,"19"
"TCGA-KB-A93G",1.02147722469647,4.69395959370576,"7"
"TCGA-G7-A8LB",-9.63965883721294,-26.6162012889393,"6"
"TCGA-C8-A27A",-13.4318087384893,9.40356191555791,"11"
"TCGA-A5-A2K3",5.05216017971558,-0.886584927994636,"15"
"TCGA-AO-A126",-13.4221279504443,6.7556753730087,"11"
"TCGA-FV-A3I1",-0.313682711444024,32.5937199591693,"2"
"TCGA-EJ-7321",-22.2963572661295,13.9423767601326,"5"
"TCGA-PC-A5DP",-15.2683277393248,-4.0518708364441,"21"
"TCGA-S9-A6U0",-30.7657974483725,-3.32683940590525,"23"
"TCGA-DU-8158",-32.2490672278517,-3.51440474929264,"23"
"TCGA-MT-A51W",17.5100535265798,-1.34220461040666,"12"
"TCGA-55-7574",6.49465647036554,-5.27882244555804,"15"
"TCGA-AP-A1E0",-7.23444929568555,19.0493549083989,"8"
"TCGA-BC-A10Q",-1.98342626919966,30.7981876868145,"2"
"TCGA-V1-A8WS",-22.0240182797829,15.5429354369467,"5"
"TCGA-S9-A6WI",-34.5791979383209,-3.59343779886998,"23"
"TCGA-2G-AAHL",20.9994424646396,-20.3168124405155,"17"
"TCGA-86-8278",4.02707365529274,-4.62575505190823,"15"
"TCGA-DX-A7EO",-9.11257194245898,-0.646227480137991,"18"
"TCGA-DX-AB2Q",-2.48730389395552,-4.91333226273981,"14"
"TCGA-AY-5543",14.0274966466092,21.6616535825936,"10"
"TCGA-FB-AAQ3",-0.20029184668242,9.7402851244151,"16"
"TCGA-HS-A5N9",-15.6289308184648,-2.53748549880311,"18"
"TCGA-2G-AAFE",21.4078697736214,-19.464482576757,"17"
"TCGA-VS-A957",24.3746361105711,4.19537660851705,"9"
"TCGA-DX-A1L4",-1.32578784708788,3.02364844541354,"7"
"TCGA-HW-8322",-37.2160171627766,-0.374580744795141,"23"
"TCGA-97-7941",3.54395108564611,-6.11885273827253,"15"
"TCGA-CD-5801",14.9303303809027,13.497373449933,"22"
"TCGA-99-8025",5.33925972910853,-4.33144595280717,"15"
"TCGA-CN-4740",16.504667929988,-2.74746691496234,"12"
"TCGA-B0-5120",-2.38367842770376,-16.9561714139587,"4"
"TCGA-EA-A1QS",17.3721425234882,5.12774705730565,"9"
"TCGA-77-7138",14.6356112976524,-2.61648006946357,"12"
"TCGA-OL-A6VO",-8.06273405630508,4.85230563125436,"11"
"TCGA-AX-A2IN",-6.22104269426727,17.4375502465948,"8"
"TCGA-2J-AABH",0.18902083378774,10.4219389569488,"16"
"TCGA-WY-A85C",-35.7664687401685,1.01643248709246,"23"
"TCGA-CC-A3MC",-2.72019236694172,29.8697403076608,"2"
"TCGA-HB-A5W3",-14.2890915502387,-4.21094476859123,"21"
"TCGA-2H-A9GQ",6.55228778105211,8.31268543149634,"18"
"TCGA-CR-6484",16.3110530610443,-2.72037655432341,"12"
"TCGA-DK-AA6S",12.5690470662551,3.00501390163257,"20"
"TCGA-BL-A13J",15.7879682387358,7.0432465785209,"20"
"TCGA-UN-AAZ9",-12.4098851068678,-26.3496942689343,"6"
"TCGA-C5-A1BE",22.4668936436025,4.35682352821965,"9"
"TCGA-TM-A84Q",-35.0856407433784,0.21517019676346,"23"
"TCGA-55-8620",3.10638301778197,-0.0896381629007942,"15"
"TCGA-XP-A8T8",20.2021066755829,-6.81597680161205,"1"
"TCGA-2G-AAGM",-9.84749056312792,-8.22064277035783,"0"
"TCGA-E9-A1RC",-14.7912361459938,-8.77946592471865,"7"
"TCGA-VM-A8CA",-35.798938861201,-2.31633147688376,"23"
"TCGA-H2-A421",12.3440796484026,-29.4292455271737,"19"
"TCGA-IB-7887",0.80930802043441,6.97026314653316,"16"
"TCGA-DD-AACS",-2.88158746478987,32.7124576540495,"2"
"TCGA-D7-6526",6.1048546271484,10.3418986458132,"22"
"TCGA-2G-AAGP",-7.97015929417374,-8.26746064181952,"7"
"TCGA-3M-AB46",6.98666665281405,16.7323013661382,"22"
"TCGA-CF-A3MF",9.40004773330618,6.02262665930131,"20"
"TCGA-BA-A8YP",17.1703930575766,-7.27756516333838,"1"
"TCGA-J8-A4HY",11.9736794483947,-30.0244184595672,"19"
"TCGA-DX-A48K",-3.61242518477485,-3.86701672307116,"14"
"TCGA-IG-A4QS",7.81017126269757,16.2570609801503,"22"
"TCGA-GC-A3RC",18.654881920959,1.24068128848787,"12"
"TCGA-BC-A8YO",1.01631716351938,32.734193789887,"2"
"TCGA-L5-A43E",9.09108606935944,16.2272194180526,"22"
"TCGA-78-8640",6.68487146382416,-7.32206279209553,"15"
"TCGA-EJ-7125",-24.2339394478466,12.6166602696142,"5"
"TCGA-BA-5153",22.8853372368355,8.26267116089025,"9"
"TCGA-56-8083",18.0506683934614,-15.9993349419547,"17"
"TCGA-DX-AB2S",-0.980460824244962,0.527100859855397,"7"
"TCGA-D1-A102",-9.24923193785647,17.3084081708645,"8"
"TCGA-AK-3434",1.9991835455737,-18.2701858970237,"4"
"TCGA-LL-A442",-15.280434792206,5.61566385756151,"11"
"TCGA-BH-A8FZ",-12.0299478449456,6.13385649537244,"11"
"TCGA-J9-A8CM",-20.6947016365075,14.2100216261524,"5"
"TCGA-DV-5566",-0.181764786803224,-18.2328217522524,"4"
"TCGA-53-A4EZ",7.33213351000589,-7.12876329745853,"15"
"TCGA-LL-A7SZ",-9.3823375175005,7.06548314151773,"15"
"TCGA-BB-4217",15.9085560806749,-0.858232928897293,"12"
"TCGA-49-AARO",6.9360479645305,-4.61985917468234,"15"
"TCGA-3A-A9IV",-3.05127114663454,5.6469025691231,"15"
"TCGA-LN-A4MQ",18.3281103792166,-9.64944181206368,"1"
"TCGA-US-A774",0.56587230017376,7.36795227102243,"16"
"TCGA-QT-A5XO",-27.8956161219448,-15.6927741165815,"13"
"TCGA-D1-A2G5",-8.82368134709883,18.2911239887733,"8"
"TCGA-US-A77G",1.75067282273993,10.4254875182421,"16"
"TCGA-DD-AAEK",-0.40299861938799,32.3519690984804,"2"
"TCGA-05-4433",3.41441388966255,12.4764237657356,"22"
"TCGA-GE-A2C6",8.55506005617537,-32.541777245183,"19"
"TCGA-WB-A80V",-28.3515977982945,-18.4022072141331,"13"
"TCGA-BR-6707",14.9084237285098,14.09889829104,"22"
"TCGA-L5-A8NM",12.1191096238624,16.9116476121784,"22"
"TCGA-T1-A6J8",0.177777601424782,33.1637238889335,"2"
"TCGA-D1-A17B",-9.90013666414399,20.2821831085834,"8"
"TCGA-CV-5431",16.535696770804,-8.67465334077439,"1"
"TCGA-F9-A97G",-7.81027810875866,-21.1856139581188,"3"
"TCGA-77-8156",15.6875674660391,-8.00901133537,"1"
"TCGA-EY-A1GV",-1.53400145961468,-10.4089982707376,"3"
"TCGA-CW-6090",3.13676189928651,-18.8762921328167,"4"
"TCGA-IN-8663",10.4296772318593,13.5058816519157,"22"
"TCGA-BT-A3PK",11.7802714639869,-0.528318618077346,"12"
"TCGA-X3-A8G4",-8.03557468340478,-8.53270772511526,"7"
"TCGA-BJ-A28S",9.52717793066481,-34.0058767433651,"19"
"TCGA-GU-A42R",9.07539046948258,1.27726316847366,"20"
"TCGA-EL-A3H5",11.7231006080422,-27.6493912081749,"19"
"TCGA-RG-A7D4",1.21484357382452,31.6945355685215,"2"
"TCGA-EJ-5498",-21.1943518511811,12.0858843923093,"5"
"TCGA-UF-A719",23.1464967059744,-3.22605785203472,"12"
"TCGA-J2-8194",5.57553027126279,-3.4218491155116,"15"
"TCGA-CQ-A4CI",21.8553747038032,-8.32389733255352,"1"
"TCGA-58-8386",5.54741378519595,-9.41606937649072,"15"
"TCGA-IB-AAUR",0.27235307293511,2.09863467387621,"7"
"TCGA-CV-A6JE",15.6143020681353,1.7588361005497,"12"
"TCGA-44-7661",5.35137953496593,-6.17057651902793,"15"
"TCGA-DG-A2KH",-0.847364866089944,16.4039067813594,"9"
"TCGA-85-A53L",14.1479050196108,-7.51563488152996,"1"
"TCGA-A6-2685",12.0072967978122,22.5697948041134,"10"
"TCGA-A4-A4ZT",-10.7322918656264,-20.270159076003,"6"
"TCGA-EP-A26S",-0.342480106635033,34.2377923506142,"2"
"TCGA-XF-A9T5",12.5942925508133,-5.2867669614094,"9"
"TCGA-BQ-5886",-4.78612645174456,-18.5161363315788,"3"
"TCGA-CC-A3MB",-1.89014777514336,33.2320646149204,"2"
"TCGA-KS-A41F",13.8665069182717,-30.3636839067939,"19"
"TCGA-77-8008",5.33752945780333,-10.1300618959211,"15"
"TCGA-D8-A1JE",-13.4148177703021,4.53746582198032,"11"
"TCGA-S4-A8RP",0.7736482483295,9.99755493036802,"16"
"TCGA-HZ-A77P",-0.0981378324867531,5.7307536248107,"16"
"TCGA-DX-A8BM",-4.9392881647708,-2.52106149044527,"14"
"TCGA-DX-A48O",-13.4871936358542,-4.73690138762461,"21"
"TCGA-CR-6491",20.1101543716934,0.0180127516049267,"12"
"TCGA-XN-A8T5",0.192661046691816,2.54249658639419,"7"
"TCGA-DH-5140",-30.8523838181271,-1.74955700615637,"23"
"TCGA-2J-AAB4",0.497001025273787,8.91621101821488,"16"
"TCGA-CM-5868",15.4539718506139,21.3318554284082,"10"
"TCGA-44-8119",9.82756844935792,-7.35746552969521,"15"
"TCGA-BP-5169",3.28436639061141,-16.0239136592701,"4"
"TCGA-2G-AAFJ",-9.12262448056053,-6.84802036902004,"0"
"TCGA-E1-A7YL",-31.6455425963602,-4.38346024443335,"23"
"TCGA-HU-A4GQ",11.1447152897436,16.7448457909554,"22"
"TCGA-XE-AAOF",20.6709078009027,-18.4935397300543,"17"
"TCGA-RW-A686",-25.6971352731601,-15.8288568226739,"13"
"TCGA-BH-A8FY",-14.2287464457269,7.15094362539352,"11"
"TCGA-WB-A80P",-24.6327246631267,-11.621739093483,"13"
"TCGA-HT-8018",-34.4355889045233,-3.2446636440598,"23"
"TCGA-ET-A3DW",10.5294299417077,-28.8050441397508,"19"
"TCGA-CJ-5675",2.3079788124414,-19.2809403122246,"4"
"TCGA-IB-AAUM",-1.15595405083072,8.03442723752287,"16"
"TCGA-MP-A4SY",3.93997120156535,-4.71343046010591,"15"
"TCGA-DJ-A13V",11.5512666345289,-31.3696162260383,"19"
"TCGA-HT-8563",-32.6106624565234,-1.21280670729652,"23"
"TCGA-22-5478",3.53525212328334,-8.77641138263757,"7"
"TCGA-DJ-A2PZ",10.8733523034109,-29.944901809111,"19"
"TCGA-IB-AAUP",0.806133089367027,2.19502307492,"7"
"TCGA-VS-A9V3",23.448258015909,4.7291328103573,"9"
"TCGA-AX-A1CR",-9.34798661609705,13.8283549878901,"8"
"TCGA-2G-AAGE",-7.48822676971896,-9.5822762295829,"7"
"TCGA-HT-7479",-34.4239881526338,-1.40690765697363,"23"
"TCGA-AR-A2LH",-9.70972804226906,5.0250097806964,"7"
"TCGA-XF-A8HB",23.1010350983231,6.0194792016255,"9"
"TCGA-EJ-A8FU",-20.900632563556,11.2211376698704,"5"
"TCGA-B0-5400",-4.06588452499568,-17.0286852981933,"4"
"TCGA-LP-A4AW",21.7151157062774,4.27617656486663,"9"
"TCGA-EM-A2CO",8.14589868843926,-34.3319497814255,"19"
"TCGA-WB-A81W",-28.9679075571621,-16.7803595212651,"13"
"TCGA-2G-AAKO",20.7562993536524,-17.8975755015405,"17"
"TCGA-CA-6716",14.0100257202196,22.6397832438139,"10"
"TCGA-DS-A1O9",21.2771013228445,3.82196819926356,"9"
"TCGA-91-6840",7.45597027492063,-7.91504451365082,"15"
"TCGA-LN-A5U5",19.4914621106596,-7.16362464059633,"1"
"TCGA-TM-A84I",-32.9320361444247,0.959864975207294,"23"
"TCGA-H6-8124",2.41659089282142,7.11249923192246,"16"
"TCGA-AZ-4323",1.27972141664416,2.12012060431034,"7"
"TCGA-AZ-4313",18.473229277475,19.1058136049093,"10"
"TCGA-58-A46L",20.0586997569212,-9.68755309376521,"1"
"TCGA-B0-4690",1.40797143794713,-15.4278917512195,"4"
"TCGA-DH-A66B",-34.8325289412249,0.588669155398561,"23"
"TCGA-MP-A4TF",7.59640236202763,-2.50443928601672,"15"
"TCGA-CJ-4905",-1.90795807467651,-16.4720086036858,"4"
"TCGA-GD-A76B",10.8737101384897,4.60815065612994,"20"
"TCGA-BS-A0V6",-7.97469663451696,18.1556636163063,"8"
"TCGA-56-7579",5.25581065499818,-9.95415874935223,"15"
"TCGA-MY-A5BF",25.5897409500995,4.43061568268115,"9"
"TCGA-3A-A9J0",0.840440410669542,10.7456848765901,"16"
"TCGA-QR-A6GT",-24.4070547997573,-11.5560598173347,"13"
"TCGA-FY-A3I5",7.82532794595686,-34.2892081063938,"19"
"TCGA-75-6207",4.77957127261427,-3.00182740125498,"15"
"TCGA-IR-A3LI",-1.37525651841042,15.4359785060135,"9"
"TCGA-2Z-A9JR",-9.46028260773422,-24.2172733542582,"6"
"TCGA-L5-A8NT",9.24321506944864,14.6874344124063,"22"
"TCGA-K1-A42W",-14.2894381948158,-4.81205673993758,"21"
"TCGA-E1-A7Z4",-35.4879422131607,-0.837271816424759,"23"
"TCGA-BR-8291",7.52861389603752,11.4657444886147,"22"
"TCGA-77-8143",12.9290592038747,-8.98282780982851,"17"
"TCGA-L5-A88Z",21.2922875763976,-7.78817687935954,"1"
"TCGA-BR-A4PF",11.9537251533922,15.9556694594124,"22"
"TCGA-B0-5116",-2.36211416560376,-18.081023940803,"4"
"TCGA-SU-A7E7",-21.5698936759233,12.3087519667868,"5"
"TCGA-78-7162",4.61029315353105,-7.11169133907507,"15"
"TCGA-B0-4696",-4.35961992870704,-16.3607080576996,"7"
"TCGA-EJ-5542",-21.7795962077069,13.5124509972456,"5"
"TCGA-CH-5761",-22.9484662485917,13.4761800201453,"5"
"TCGA-IA-A83V",-8.02379447139524,-23.3887326354065,"3"
"TCGA-QR-A70M",-27.7649192673069,-17.3606062081704,"13"
"TCGA-DH-A669",-38.1904366712772,-1.72222196156764,"23"
"TCGA-YL-A8SJ",-20.8255092749167,13.6418455047704,"5"
"TCGA-CJ-5683",-0.200235662343302,-17.9652966667337,"4"
"TCGA-R6-A6KZ",6.14166087369489,12.4392974682796,"22"
"TCGA-2Z-A9J6",-9.61859101043076,-24.9242530277055,"6"
"TCGA-CD-A48C",7.78144578107912,16.1352933627195,"22"
"TCGA-3B-A9HT",0.84629120094371,-2.29034345586898,"14"
"TCGA-HZ-8638",-2.57934068936457,8.16744219939322,"16"
"TCGA-JW-A852",24.4879985200597,5.84747468208186,"9"
"TCGA-EX-A8YF",19.4341624692433,5.72603910051341,"9"
"TCGA-2G-AAGT",-10.2134123097708,-9.46073091149804,"0"
"TCGA-56-8624",14.9601510086271,-4.79668730043332,"7"
"TCGA-D8-A1JI",-14.7018081893814,7.22201688565476,"11"
"TCGA-FD-A6TG",11.5006022473434,4.1586987569107,"20"
"TCGA-GL-7773",-12.1265243879216,-23.342864946755,"6"
"TCGA-2G-AAFG",19.9253045456716,-17.8802106578241,"17"
"TCGA-05-5420",7.95402289016144,-10.8043088523628,"15"
"TCGA-63-A5ML",18.8960642789799,-10.0344856078136,"1"
"TCGA-XR-A8TE",-1.01856292658361,30.6801827061197,"2"
"TCGA-B0-4718",2.54631386638482,-18.0805379886412,"4"
"TCGA-CS-4943",-35.1418614538897,1.04656478252094,"23"
"TCGA-A2-A3KC",-12.2422168742346,5.83255093670054,"11"
"TCGA-CD-8535",6.91162519943517,20.8718120275003,"22"
"TCGA-55-8087",2.9578625818955,-6.23211120917615,"15"
"TCGA-E9-A1R2",-13.3833427294354,7.76328816174505,"11"
"TCGA-DU-7012",-31.9871768436512,-3.43671042221724,"23"
"TCGA-LN-A8HZ",19.7295337019223,-8.18613590421864,"1"
"TCGA-2G-AAFL",-6.76879645603142,-9.25062521770745,"7"
"TCGA-DB-A64R",-36.9312706300264,-0.575040283538966,"23"
"TCGA-YU-A94I",-10.2586507050715,-9.22881463241672,"0"
"TCGA-E7-A7DV",10.8934167930919,0.263022203070187,"20"
"TCGA-39-5022",9.24274229861306,-5.59145504832804,"15"
"TCGA-EJ-7786",-23.0350650915378,12.4373217553779,"5"
"TCGA-VS-A8QM",22.6974328264916,2.8213937228632,"9"
"TCGA-E1-A7YU",-35.4842967471616,-2.07064701593258,"23"
"TCGA-50-5068",7.60458407479501,-10.1321191936542,"15"
"TCGA-AX-A1C8",-7.52120915074901,11.6330919218415,"3"
"TCGA-CJ-4903",-2.75893804682623,-17.4169077790937,"4"
"TCGA-RT-A6YC",-29.9823406283944,-16.2062696722375,"13"
"TCGA-DD-AADN",1.1904154798063,30.9203722229563,"2"
"TCGA-XF-A9SK",11.4303187683978,3.37373383559395,"20"
"TCGA-CR-7392",16.8906968324879,-2.03182293921181,"12"
"TCGA-F4-6463",14.0968007173159,20.1576577387577,"10"
"TCGA-W2-A7H5",-26.4291739691548,-16.0129399929465,"13"
"TCGA-58-8391",18.7566395505877,-9.0488177916679,"1"
"TCGA-KT-A7W1",-30.8336889777591,-4.01708395742109,"23"
"TCGA-DX-A8BV",-4.75144726682251,-2.65191907262106,"14"
"TCGA-BQ-7059",-7.92273194232056,-22.4835434200162,"3"
"TCGA-BG-A18B",-8.19779612615273,19.1378553260784,"8"
"TCGA-R6-A6XG",5.9690618424979,17.6644270435218,"22"
"TCGA-ET-A39R",10.2502125096945,-31.2417203427321,"19"
"TCGA-CZ-4865",-1.28550093987918,-21.1657925398096,"4"
"TCGA-XE-AAO4",20.0606638759684,-19.507388788653,"17"
"TCGA-RD-A7BS",8.0690881477211,10.1896637706958,"22"
"TCGA-VR-A8EO",14.6095480227045,-11.2357556365918,"18"
"TCGA-B1-A47O",-7.06081793621972,-23.5151884855246,"3"
"TCGA-EA-A3HR",24.0838057673715,2.68711222152594,"9"
"TCGA-VQ-A8PX",7.01611807263592,13.9098056050003,"22"
"TCGA-BJ-A0ZG",8.51128607648768,-33.2712179669921,"19"
"TCGA-IB-7893",2.71931734151953,6.56352756820575,"16"
"TCGA-A4-A5DU",-10.1091229439132,-25.4155884080107,"6"
"TCGA-SX-A71S",-11.7251715806114,-24.1475282731431,"6"
"TCGA-CU-A3YL",11.438518522185,4.79813922058109,"20"
"TCGA-CS-5397",-32.1414003558492,-3.65863389166384,"23"
"TCGA-E2-A1IE",-13.7183525620441,7.8312707571049,"11"
"TCGA-TM-A84C",-35.2641515083762,-3.95348757461289,"23"
"TCGA-CN-6995",18.5365631691345,-0.437800171265164,"12"
"TCGA-CR-7372",20.3407588180691,-1.30770176270342,"12"
"TCGA-US-A776",11.1131639172184,22.6523156000235,"10"
"TCGA-CK-6748",14.1279514256703,22.5006448070613,"10"
"TCGA-MM-A564",1.62604855921245,-17.3644051276293,"4"
"TCGA-RD-A8N0",8.57611347936797,12.4444067572213,"7"
"TCGA-VP-A87E",-22.6372674182051,11.4338131674326,"5"
"TCGA-LN-A7HX",18.7127939428843,-4.20310715491883,"12"
"TCGA-HZ-A9TJ",0.586394229940179,11.0992626852461,"16"
"TCGA-EL-A4JW",9.97787185759773,-29.4721674900935,"19"
"TCGA-43-6771",18.0452825208501,-0.936760845549448,"12"
"TCGA-BH-A0DP",-13.2252434727463,5.5763854173425,"11"
"TCGA-EJ-5516",-21.4983062912112,12.9775321939472,"5"
"TCGA-BR-6801",8.62492496899666,20.6377567955431,"22"
"TCGA-WB-A81M",-28.9085326165954,-15.3701090381672,"13"
"TCGA-MI-A75G",-0.277372182985931,33.7519846394296,"2"
"TCGA-BJ-A45F",8.57291285628026,-34.2526115982295,"19"
"TCGA-43-7656",14.0621429153845,-10.5406687687286,"17"
"TCGA-CN-A63T",23.0757510920504,-1.56259106426237,"12"
"TCGA-F1-6875",6.90385673835616,20.8948398761677,"22"
"TCGA-DU-5872",-32.5689486493182,-1.85787178977236,"23"
"TCGA-CH-5741",-22.4088042173032,15.7285873510888,"5"
"TCGA-QR-A6ZZ",-24.0906683059111,-13.9272604757136,"13"
"TCGA-55-8621",4.98965120957268,-7.77214106433314,"15"
"TCGA-RW-A689",-28.1896876286131,-16.7587241322906,"13"
"TCGA-EL-A3GS",10.1640739326394,-29.0986440349666,"19"
"TCGA-FB-AAPU",1.39164511852869,11.4564064406035,"16"
"TCGA-L5-A8NW",9.89759570432489,14.1197239538639,"22"
"TCGA-B2-5639",0.037015027751583,-19.3048045851629,"4"
"TCGA-2G-AAKG",-5.5338006968686,-8.70937985394307,"7"
"TCGA-G9-6348",-20.35382862062,10.4566306859792,"5"
"TCGA-M7-A720",-20.866758786876,11.0928587101375,"5"
"TCGA-BH-A0E0",-11.9278749912331,2.8077983053831,"7"
"TCGA-S8-A6BW",20.5998759654578,-8.89237200104107,"1"
"TCGA-F2-6880",-1.48507489519534,8.11603313741273,"16"
"TCGA-FB-AAQ1",-0.246878079751009,10.0078466218198,"16"
"TCGA-DD-AACP",1.28758862539954,30.8318995415997,"2"
"TCGA-ET-A3BQ",11.4285216832174,-32.1245053137129,"19"
"TCGA-BT-A20P",-3.86849397598792,2.4508367602355,"7"
"TCGA-CG-5722",3.66477270572921,16.0960168510803,"22"
"TCGA-AU-6004",12.7880131590942,18.1547374230553,"10"
"TCGA-G3-AAV5",-1.83525066716166,34.4400656376207,"2"
"TCGA-WB-A822",-24.8882258822919,-12.285236005745,"13"
"TCGA-D5-6537",16.0326267469163,20.2190705716394,"10"
"TCGA-58-8390",14.5433664980967,-11.0488607342684,"18"
"TCGA-S7-A7X0",-25.1002219428049,-14.1260034384002,"13"
"TCGA-DX-A1KW",-4.45948541545,-0.758585416101438,"14"
"TCGA-RX-A8JQ",-27.9512235786424,-14.8900928938593,"13"
"TCGA-DQ-7592",19.0481640628555,-1.22447945286966,"12"
"TCGA-44-5645",3.70942494287754,-8.67256275432683,"7"
"TCGA-CN-6020",19.3757987419706,-1.16798381892374,"12"
"TCGA-CS-5395",-31.5550386562295,-3.16315404121656,"23"
"TCGA-D1-A16V",-9.35506927874513,19.4568762730915,"8"
"TCGA-OL-A66O",-14.2415108615503,7.55850730834478,"11"
"TCGA-FD-A5BZ",11.0813815569844,3.16572820514497,"20"
"TCGA-XF-A8HF",10.477727783246,3.32991841906589,"20"
"TCGA-CW-5583",-0.834378272726516,-17.5362280975354,"4"
"TCGA-55-6970",4.67424787221323,-8.94856393560669,"15"
"TCGA-C5-A1BI",22.4982588193725,2.22917522382521,"12"
"TCGA-L5-A4OU",11.8545577456369,13.7956517971088,"22"
"TCGA-HQ-A5NE",12.2825729597813,0.650280784586649,"20"
"TCGA-BQ-7060",-9.10597662684849,-22.8826821530536,"3"
"TCGA-AX-A3GB",-8.55462749542695,19.0934668120533,"8"
"TCGA-D6-6517",18.8534733638476,-1.55789240398529,"12"
"TCGA-SI-A71Q",-7.74497358779707,-4.05225802066723,"18"
"TCGA-A6-3809",10.7258116848498,18.2294611863347,"22"
"TCGA-G3-AAV2",-1.75896562633802,34.1380249018863,"2"
"TCGA-BB-4228",23.0151334884454,7.99749862482793,"9"
"TCGA-WZ-A7V3",20.8326058718677,-20.1336303178215,"17"
"TCGA-HU-A4GC",10.568887213788,10.9833177669938,"22"
"TCGA-HZ-7924",-2.64599629401798,8.19468260166865,"16"
"TCGA-RW-A67W",-27.1637235635392,-17.6711553239924,"13"
"TCGA-DX-A6YX",-2.10813951265052,-5.10520154542525,"14"
"TCGA-AT-A5NU",-11.505091011515,-25.3038436207982,"6"
"TCGA-L5-A8NN",5.52568479469043,12.5219478117849,"22"
"TCGA-2G-AAGV",-9.05601598205612,-6.2113751950266,"7"
"TCGA-ZG-A9LB",-19.8850258126365,15.1629621192043,"5"
"TCGA-39-5028",8.70743027223604,-9.61724796941394,"7"
"TCGA-DV-A4W0",0.859377679631205,-17.5276142176047,"4"
"TCGA-UF-A7JA",14.8071138752647,-4.35271881098939,"12"
"TCGA-DH-A7UR",-37.3275543273476,1.05775237280403,"23"
"TCGA-49-6742",8.73589542938373,-2.17548747130977,"15"
"TCGA-G9-7522",-21.4062817414431,12.2495148594007,"5"
"TCGA-2G-AAH8",21.7275109271827,-20.2716787604979,"17"
"TCGA-BJ-A0ZF",8.00551096741507,-32.9022626983997,"19"
"TCGA-EC-A24G",-8.74792298928914,18.6787233559439,"8"
"TCGA-D1-A174",-9.3839518121756,20.4139854510794,"8"
"TCGA-FG-8187",-34.5984089391956,-1.70289713015035,"23"
"TCGA-EL-A3CL",12.1126816620324,-31.9867579359396,"19"
"TCGA-IZ-8196",-11.8404181400989,-24.0261692635368,"6"
"TCGA-A2-A0CR",-10.1010638760723,6.55378479210915,"7"
"TCGA-2G-AAF8",19.6877986635571,-18.0481391727023,"17"
"TCGA-2G-AAHN",21.2890064936415,-17.8569359832728,"17"
"TCGA-EL-A3H7",11.3495160872257,-28.7613416507422,"19"
"TCGA-IS-A3K8",-11.8254468521818,-3.29179416151976,"21"
"TCGA-B0-5102",-3.14727242495259,-17.2732565166471,"4"
"TCGA-CF-A9FM",6.44475217148717,4.25816356098235,"20"
"TCGA-55-7816",3.25408226747683,-7.67220027546405,"7"
"TCGA-D6-A6ES",15.7557369098795,1.63632551268074,"12"
"TCGA-VF-A8A8",-7.303038284499,-10.2980166597221,"7"
"TCGA-E8-A44K",11.3812786906805,-29.2115509790607,"19"
"TCGA-EY-A1GE",-9.62222335582283,18.4413082595883,"8"
"TCGA-B5-A0JX",-8.08138749816291,17.7302977133248,"8"
"TCGA-C5-A7CJ",23.2457800213793,2.94075332136866,"9"
"TCGA-SX-A71R",-8.77046165391091,-25.7191262857556,"6"
"TCGA-43-5670",4.87350502597691,-9.67320664938858,"15"
"TCGA-IB-7890",2.78373732496326,6.95534903100668,"16"
"TCGA-ET-A25I",8.59369456687783,-34.1606030025723,"19"
"TCGA-CJ-6033",1.70412832745476,-16.580847915773,"4"
"TCGA-G4-6317",15.5571679083923,22.1169763044845,"10"
"TCGA-DX-AB2F",-4.29329610371684,-0.729031271375019,"14"
"TCGA-ET-A40S",10.0381871458908,-31.1405856118974,"19"
"TCGA-2G-AAFN",-7.11300979787926,-9.9273920456845,"7"
"TCGA-C5-A1M8",24.6417288595654,5.64562915912509,"9"
"TCGA-FB-AAQ0",1.01515922802644,11.365255124733,"16"
"TCGA-D1-A16Q",-10.0716136987225,18.1753576199242,"8"
"TCGA-Q3-A5QY",0.297008090705204,1.94508344363552,"7"
"TCGA-D7-5577",15.0750634217955,13.4921969740205,"22"
"TCGA-GL-A59T",-10.0193176253391,-25.3092682534396,"6"
"TCGA-AJ-A3NF",-8.10006889858068,11.6814297150251,"7"
"TCGA-HS-A5NA",-13.6795695448605,-3.21746997097883,"21"
"TCGA-EO-A2CH",-8.34524428050184,14.2772686123119,"8"
"TCGA-HU-A4H6",10.115914370797,15.6414519720746,"22"
"TCGA-AR-A2LR",-8.18149559718571,4.43258007849248,"18"
"TCGA-CN-A6UY",23.5711664943886,7.67511150993704,"9"
"TCGA-DD-AADM",-1.3391803170005,33.7606875145561,"2"
"TCGA-S4-A8RM",0.783905650493713,11.6729344279957,"16"
"TCGA-YU-A90Y",-7.76063226890612,-8.9633021896366,"7"
"TCGA-2G-AALF",-10.3199572144094,-9.64046717448185,"0"
"TCGA-H8-A6C1",1.51140264664118,8.34418002880264,"16"
"TCGA-CJ-4869",0.684467610672785,-19.5624463735688,"4"
"TCGA-EJ-A8FO",-20.325096368369,10.5792885658755,"5"
"TCGA-D1-A0ZO",-8.34634784612616,19.9085280262905,"8"
"TCGA-A1-A0SE",-13.383489521548,5.8049213776299,"11"
"TCGA-B0-5698",0.490700482780389,-18.5693081710565,"4"
"TCGA-P3-A6T6",25.1160440397256,1.60370529180779,"9"
"TCGA-2Z-A9JQ",-7.61446892786886,-26.2144631631554,"6"
"TCGA-DK-A3WW",14.0463336034634,0.136720956087317,"12"
"TCGA-KP-A3W0",-8.93789890997538,12.1506139320446,"8"
"TCGA-22-5480",22.6142915611815,9.42703083831446,"9"
"TCGA-AZ-6600",13.9780673748825,20.9264059079169,"10"
"TCGA-2G-AAM2",-7.42928565524365,-10.6269286866943,"7"
"TCGA-43-A56U",9.58897727959837,-5.62816060657092,"15"
"TCGA-HT-8010",-35.3083494994987,-2.14115212801776,"23"
"TCGA-HZ-A77Q",0.920181630047559,6.0206015217775,"16"
"TCGA-L5-A8NI",6.39564197667143,15.2236679446029,"22"
"TCGA-VQ-A94T",5.95041760069813,15.5772657931501,"22"
"TCGA-HT-7602",-34.3999759829765,-1.73133675683763,"23"
"TCGA-CN-5355",20.0210120923032,-0.794619047459232,"12"
"TCGA-HF-7131",6.28857516347633,10.7474726265665,"22"
"TCGA-85-A513",6.50065196904965,-6.08163009560228,"15"
"TCGA-G3-A25T",-13.5270755211385,-17.9831991561464,"3"
"TCGA-2G-AAF1",21.0232750950657,-17.9811963499345,"17"
"TCGA-HF-7133",6.56978695262561,15.0522728427514,"22"
"TCGA-R6-A6XQ",6.61928585434351,13.0719673495478,"22"
"TCGA-97-A4M1",5.78235733873453,-7.34555459047536,"15"
"TCGA-85-7844",17.8392261165179,-9.64580043522139,"1"
"TCGA-WB-A81A",-26.3142584557592,-13.4661798744676,"13"
"TCGA-LN-A49O",20.4592723521608,-3.76280973426701,"12"
"TCGA-V5-AASX",9.29632519012155,16.6419317838291,"22"
"TCGA-85-8071",22.380233244371,-6.16290873522685,"1"
"TCGA-56-A49D",12.8398245953409,-8.64112995534399,"17"
"TCGA-BJ-A45E",9.59769488606679,-5.00029460275832,"7"
"TCGA-VQ-A8P3",10.3352019476814,16.6345822280483,"22"
"TCGA-2Y-A9GS",0.806359201703422,32.9383071828148,"2"
"TCGA-VS-A9V0",-6.89733167996866,12.6152851617482,"15"
"TCGA-K4-A83P",1.70201141824477,1.56917243000934,"7"
"TCGA-51-6867",18.784937771279,-9.94273705412382,"1"
"TCGA-HU-A4G3",9.83453051069339,16.4264552220215,"22"
"TCGA-SX-A7SP",-8.40797334148155,-23.6947058615952,"6"
"TCGA-LI-A9QH",-4.60995144117595,-3.61499604197985,"14"
"TCGA-XE-AAOJ",-9.85410935699318,-7.97796292829544,"0"
"TCGA-IG-A97H",18.364727021248,-7.0842262874306,"1"
"TCGA-LN-A8I1",18.5664561880093,-7.29159261943066,"1"
"TCGA-OL-A6VR",-14.7707547454582,6.29003675062211,"11"
"TCGA-QR-A6GZ",-23.9833441069017,-14.1804375451677,"13"
"TCGA-DD-A39V",1.16573126132144,31.0612438235073,"2"
"TCGA-55-8208",7.5780579984286,-5.89099203714854,"15"
"TCGA-EA-A3HT",23.6181249100407,2.85663980446042,"9"
"TCGA-YU-AA4L",-10.2246810818298,-9.58348989497384,"0"
"TCGA-YL-A8HM",-24.3611533170059,13.6770056194259,"5"
"TCGA-B0-4703",1.11950621777733,-15.9635694585804,"4"
"TCGA-EM-A2CN",9.79685246738796,-34.3316059903334,"19"
"TCGA-EJ-7218",-23.9785443005448,12.7744450365386,"5"
"TCGA-VQ-A8PD",8.72901266450536,12.6577955890854,"22"
"TCGA-XJ-A83F",-21.7943689852862,16.0792292161136,"5"
"TCGA-G7-6792",-12.0604588094311,-23.3819379063654,"6"
"TCGA-05-4425",3.30062887771558,-5.20511384537708,"15"
"TCGA-L5-A88W",20.8568520774207,-2.57809439455201,"12"
"TCGA-S9-A7R2",-32.188498725271,-3.68410190442034,"23"
"TCGA-BA-6870",18.7583169248309,-1.78773634147966,"12"
"TCGA-BH-A1FJ",-12.5298432531616,3.32954370032714,"11"
"TCGA-WB-A81D",-27.9784005372991,-15.7785881331226,"13"
"TCGA-S7-A7X2",-28.0222629389691,-16.8334729893525,"13"
"TCGA-LN-A4A1",18.7982806009423,-3.57166909857196,"12"
"TCGA-CJ-5681",-2.23128732942971,-21.2882339160951,"3"
"TCGA-DM-A28G",14.0074486127137,19.6924893610267,"10"
"TCGA-AR-A24N",-12.7923303962716,4.92190115383843,"11"
"TCGA-JV-A5VE",-13.9637963470571,-2.89635332723413,"21"
"TCGA-DX-A7EQ",-9.27686195334913,-0.354684295779323,"18"
"TCGA-2G-AALT",-8.6333947388545,-6.91069544956163,"7"
"TCGA-ZP-A9D0",-4.74537454883736,29.9083475702163,"2"
"TCGA-G3-A7M6",2.17108243713227,32.8214339817159,"2"
"TCGA-CV-7414",18.942517634116,-5.53174026031625,"1"
"TCGA-B0-5692",0.624012354512124,-19.4698010303049,"4"
"TCGA-2Y-A9H6",-4.88484574326544,30.2042095596267,"2"
"TCGA-CN-4730",22.5264377125031,-1.30346841962572,"12"
"TCGA-DD-AADW",-4.8793855184518,30.9769579398467,"2"
"TCGA-B5-A11P",-8.23145311091585,16.8448555659734,"8"
"TCGA-EK-A2R9",25.2687782830925,7.65252604760439,"9"
"TCGA-Y8-A898",-8.45118490225874,-24.0280773334662,"6"
"TCGA-L5-A4OQ",-1.28824751528424,4.80619081898603,"7"
"TCGA-L5-A4OG",9.60539301615694,14.6275781230027,"22"
"TCGA-JY-A6FG",20.9631377699779,-2.56107895700205,"12"
"TCGA-D1-A15Z",-9.17325615024551,17.3500606110046,"8"
"TCGA-93-A4JN",5.53992471198959,-5.59762490307767,"15"
"TCGA-G4-6628",14.0621862113698,16.3680071193877,"10"
"TCGA-MJ-A68H",-15.6382959051934,-3.82875216255376,"21"
"TCGA-A4-8515",-10.5201707463673,-24.3718686911756,"6"
"TCGA-CC-A7IH",-0.639193293071698,34.0711493191646,"2"
"TCGA-BR-8380",9.52855417451656,11.2693582912491,"22"
"TCGA-S7-A7WX",-28.8628047917341,-16.8618194440908,"13"
"TCGA-A6-5667",16.3948787074418,23.3603558054786,"10"
"TCGA-B8-A54J",0.193090359617865,-16.779818652285,"4"
"TCGA-FB-AAQ6",0.402838178677605,11.5529998314541,"16"
"TCGA-RD-A7C1",10.5359605535191,15.2474874543736,"22"
"TCGA-34-A5IX",14.4777762554723,-3.99802924292267,"12"
"TCGA-DJ-A3UP",9.87252761030136,-33.3556574264761,"19"
"TCGA-IG-A5B8",18.0222995323613,-3.72855125041359,"12"
"TCGA-Z4-A9VC",-14.3402523856964,-9.07352003546559,"18"
"TCGA-DJ-A3UO",11.3401583629951,-31.4200691622992,"19"
"TCGA-QR-A70E",-26.3584329177385,-13.6246439068095,"13"
"TCGA-R6-A8W8",8.73545666073828,15.8140466789593,"22"
"TCGA-VQ-A8E7",8.86718491457673,17.6795027192366,"22"
"TCGA-FJ-A3Z9",9.35676786080793,5.14666611242584,"20"
"TCGA-2G-AALR",-10.0268620169023,-8.41120421077197,"0"
"TCGA-B0-4691",-3.59058059898056,-16.9782199229548,"4"
"TCGA-UE-A6QU",-1.95274617408862,-0.265559763581737,"14"
"TCGA-E6-A1M0",-11.7267271235592,-4.39921878972793,"7"
"TCGA-2Z-A9J7",-9.99887064810828,-27.5108922760935,"6"
"TCGA-G7-A8LC",-12.3379820628521,-26.4283204150601,"6"
"TCGA-L5-A88T",17.0895522183994,-5.39969511147913,"12"
"TCGA-E1-A7Z6",-35.4396449281402,-0.998212996576903,"23"
"TCGA-L7-A56G",17.5459001133682,-5.42351990877794,"18"
"TCGA-AU-3779",14.1523769573088,21.9209342434723,"10"
"TCGA-CV-A465",20.6624752499319,-1.27262022401243,"12"
"TCGA-FL-A1YL",-11.8802881797991,-4.06870870420431,"7"
"TCGA-56-8308",16.6354855183558,-7.79131326295923,"1"
"TCGA-L5-A4OR",7.48105896546376,12.5658017735174,"22"
"TCGA-JY-A6FA",19.9034096471358,-5.96010469761698,"1"
"TCGA-HT-7601",-33.1263819185605,-1.07111059382142,"23"
"TCGA-5P-A9K6",-8.96090116331435,-23.6750626908492,"6"
"TCGA-55-7913",7.78795712057042,-1.2561584932814,"15"
"TCGA-HZ-A8P0",1.5702480710903,8.29234104477028,"16"
"TCGA-CH-5789",-21.4244711522525,11.2898391755659,"5"
"TCGA-EK-A2RO",24.859938662869,4.68899833555673,"9"
"TCGA-D1-A16O",-9.84083948527621,18.1934254003805,"8"
"TCGA-3R-A8YX",-2.16972650623635,-4.99416567861585,"14"
"TCGA-2G-AAEX",20.4472174133361,-19.4276991120985,"17"
"TCGA-DZ-6131",-1.77919407368745,-21.0617435217354,"4"
"TCGA-P4-AAVO",-10.5604114539775,-21.5041099422994,"3"
"TCGA-2G-AAHA",21.9313704821798,-18.5238675321825,"17"
"TCGA-VN-A88R",-24.5596609084621,13.2188983396392,"5"
"TCGA-CG-5728",3.71498988723659,16.0955697724162,"22"
"TCGA-FE-A3PB",12.1648543541092,-29.5273567850621,"19"
"TCGA-DK-A1AD",9.69267010273465,3.12432172777202,"20"
"TCGA-FG-8191",-34.5432013988326,-1.22170956996102,"23"
"TCGA-C5-A2LV",18.981773279411,2.09475742289955,"9"
"TCGA-39-5024",14.0130578125975,-3.82708454953851,"1"
"TCGA-BJ-A0Z3",10.4131943665231,-31.4446748326559,"19"
"TCGA-QC-A7B5",-2.80763321030888,-3.63090805137547,"14"
"TCGA-2G-AAGJ",-7.20100795495928,-9.42076828653826,"7"
"TCGA-90-A4ED",13.8269827147648,-9.72893313243748,"18"
"TCGA-EL-A3GU",11.1278251852475,-28.4020501186697,"19"
"TCGA-QQ-A5V9",-3.20452010729198,-1.74231714809636,"14"
"TCGA-CV-6942",19.4231046206816,0.88528832561784,"12"
"TCGA-EJ-7784",-21.7710258912535,10.6708351362441,"5"
"TCGA-O2-A52Q",7.69572528098527,-3.69253808137459,"15"
"TCGA-MB-A8JK",-4.72158440149425,-2.77580347794468,"14"
"TCGA-2G-AALQ",-9.82736332903928,-7.94049110413972,"0"
"TCGA-DZ-6135",-5.80808222537503,-20.0980848273078,"3"
"TCGA-A6-2684",10.7299406060306,19.0243524920636,"10"
"TCGA-LL-A6FR",-8.02202327606375,3.78382951725365,"18"
"TCGA-DD-AAVS",-4.13721190079401,31.5292820765233,"2"
"TCGA-KK-A6E3",-19.2807723917114,11.9344420841263,"5"
"TCGA-B1-A47M",-9.33877843099338,-25.9445912593348,"6"
"TCGA-DD-AAD1",-4.31532000357875,30.7124745376324,"2"
"TCGA-DJ-A3V0",11.7947928287543,-29.7445833768118,"19"
"TCGA-QT-A5XN",-27.8493340834107,-14.4556767603316,"13"
"TCGA-BQ-7049",-12.2574311589199,-23.0451770820652,"3"
"TCGA-MH-A562",-8.06533098407745,-25.7382079238261,"6"
"TCGA-DX-A23Z",-4.8918916370431,-0.774231289091758,"14"
"TCGA-CZ-5982",1.97275537260622,-19.1091785540113,"4"
"TCGA-GC-A4ZW",13.1466219286983,6.83069828012022,"20"
"TCGA-EJ-7781",-20.7511291755318,9.86813105446531,"7"
"TCGA-TT-A6YO",-19.9224940757273,-14.7607921688592,"7"
"TCGA-VR-A8EX",18.561111707256,-5.66853523395711,"12"
"TCGA-CK-6747",13.4437008191213,19.5030903185709,"10"
"TCGA-CN-4729",19.6348823069044,-1.024168526065,"12"
"TCGA-BQ-5883",-5.4295411913259,-18.3781751716391,"3"
"TCGA-3B-A9I0",-15.4789580289909,-4.90705544644484,"21"
"TCGA-55-6986",4.35582025116589,-8.30057970964457,"15"
"TCGA-DU-A6S2",-35.9248390240312,-2.44619292218211,"23"
"TCGA-CZ-4859",-1.08353937248141,-17.9213138584785,"4"
"TCGA-DE-A0Y3",10.146887943663,-29.0184908247811,"19"
"TCGA-FV-A4ZQ",-0.0673988027093931,30.8054502376497,"2"
"TCGA-JU-AAVI",-5.73129043630452,11.9192235027534,"3"
"TCGA-C5-A1BJ",22.0906648611623,4.03708148035849,"9"
"TCGA-DD-A116",-1.76010107232677,30.9375360461137,"2"
"TCGA-D8-A27W",-13.4373906524721,8.79996220282931,"11"
"TCGA-FX-A3NK",-5.42875433066167,-0.829904446009469,"14"
"TCGA-DX-A3LS",-5.69215714236692,-0.583033805340064,"14"
"TCGA-BG-A2AE",-8.46458572199509,15.7103325129958,"8"
"TCGA-CH-5753",-23.739077448467,14.6375938458157,"5"
"TCGA-TM-A84G",-37.5763559532348,-0.413524543037877,"23"
"TCGA-AO-A1KS",-12.0663351783164,8.43603742948418,"11"
"TCGA-VS-A8QF",23.7715342017568,4.22802329861269,"9"
"TCGA-W2-A7HE",-26.7848383383785,-16.2266679426737,"13"
"TCGA-CN-A498",19.1339414541692,-1.71270379691714,"12"
"TCGA-D5-5541",15.846295513862,21.8325988918336,"10"
"TCGA-21-5782",13.7954151331779,-8.65692599970891,"1"
"TCGA-MH-A55Z",-8.64070479770977,-25.3264973425181,"6"
"TCGA-DK-A1A6",12.1758352594313,5.06549829911725,"20"
"TCGA-EJ-A7NM",-23.3072703396931,14.0719005847549,"5"
"TCGA-HE-A5NJ",-11.184186038563,-25.8439252492714,"6"
"TCGA-QR-A70O",-25.4099362965442,-17.5634376378571,"13"
"TCGA-MM-A563",2.51194551278674,-18.6207640376918,"4"
"TCGA-BW-A5NQ",1.28574708316926,31.9589086399838,"2"
"TCGA-CD-A48A",6.76212249074634,18.2929369826056,"22"
"TCGA-VS-A8EK",23.4538353402476,4.20846963932697,"9"
"TCGA-WB-A817",-27.0422540158032,-14.6567719791858,"13"
"TCGA-FB-A7DR",0.181392234592891,5.65570181678062,"7"
"TCGA-BQ-7061",-10.419214833034,-21.3245092160217,"3"
"TCGA-CA-5256",15.5146694421727,19.1594769899374,"10"
"TCGA-AD-5900",13.2670878490912,17.808132177352,"10"
"TCGA-A4-A5Y0",-10.1123718418367,-22.4557946841721,"3"
"TCGA-HT-A61B",-33.7486218678401,0.444130893933356,"23"
"TCGA-55-6642",7.97040309870538,-4.84777954906542,"15"
"TCGA-CW-5581",-1.65245926549841,-20.9780898155674,"4"
"TCGA-ZJ-A8QQ",19.7284830602205,2.76325708175933,"9"
"TCGA-CG-5723",11.9190571482806,13.4048806312892,"22"
"TCGA-QR-A6H5",-24.5230566215873,-13.9917657370276,"13"
"TCGA-99-7458",4.46652238139938,-5.2865937122416,"15"
"TCGA-UZ-A9PK",-10.0545080706666,-24.4734035139855,"6"
"TCGA-ZA-A8F6",7.59645659638983,11.4324021609258,"22"
"TCGA-DX-A3U8",0.981825393430455,-2.26431057924948,"14"
"TCGA-78-7147",5.11399702153459,-5.43264746154005,"15"
"TCGA-S9-A7IX",-31.6956591278444,-3.84999489028778,"23"
"TCGA-50-5072",8.53004721441636,-1.99589620113339,"15"
"TCGA-FP-A4BF",10.0307072492292,14.2881729790527,"22"
"TCGA-2Z-A9JM",-8.64903559036172,-24.7050222776187,"6"
"TCGA-EJ-5521",-21.0125958850404,14.1989533443605,"5"
"TCGA-AD-6888",16.27827836397,20.8733069094088,"10"
"TCGA-FB-AAPZ",-0.0375596982946047,12.0599605285771,"16"
"TCGA-QR-A708",-25.1344622211075,-17.5207542987569,"13"
"TCGA-D1-A17N",-10.316585617196,18.8826021148221,"8"
"TCGA-HC-7818",-22.2860683053837,13.1576549678011,"5"
"TCGA-BK-A56F",-8.73039973470155,18.3275761460669,"8"
"TCGA-DD-A118",-4.65621449899984,29.5804842526606,"2"
"TCGA-V1-A9O7",-20.425978786276,11.9409042341513,"5"
"TCGA-WX-AA44",-4.11292100889576,30.3626229149401,"2"
"TCGA-CM-6172",12.2483104588955,21.1340531416775,"10"
"TCGA-E9-A1R0",-13.8094659424132,6.17036506495785,"11"
"TCGA-C5-A7X3",14.1062103214508,1.29963513644954,"12"
"TCGA-ZM-AA0N",19.1504949918851,-19.4060207983675,"17"
"TCGA-DD-A4NN",-4.81461523840666,31.4180494354618,"2"
"TCGA-GU-A762",17.7099227513092,2.19208853162141,"12"
"TCGA-H7-7774",20.1605932393706,-0.666245264805841,"12"
"TCGA-FN-7833",-34.8480766600836,-0.43093294969058,"23"
"TCGA-PR-A5PH",-25.3622470453094,-15.7742556486167,"13"
"TCGA-EJ-A65G",-23.3010716539713,12.2304305970578,"5"
"TCGA-CQ-A4C9",23.7345435077915,-1.38328193429754,"12"
"TCGA-2J-AABK",-0.108308227027614,9.27754480667881,"16"
"TCGA-BT-A20U",14.8516428488577,3.44952469757436,"12"
"TCGA-D7-8570",14.5405353988249,13.3806150896272,"22"
"TCGA-VS-A9UQ",-1.18154501493465,15.8648291034776,"9"
"TCGA-CN-5370",18.6934547920369,-0.464619262707525,"12"
"TCGA-49-4490",4.67058844155885,-9.54495577280759,"15"
"TCGA-DZ-6134",-8.60864594098841,-22.5603152025397,"3"
"TCGA-D1-A177",-6.55681938601066,19.5627054002167,"8"
"TCGA-CC-A3M9",-0.597876696704254,-2.1428994240397,"14"
"TCGA-EY-A4KR",-7.59089368411154,12.8254334436785,"8"
"TCGA-BA-A4II",15.2432278431936,-3.32817922185097,"12"
"TCGA-C8-A8HQ",-11.395595420851,7.3057560436224,"11"
"TCGA-63-A5MU",22.6216311161932,-5.73495372724571,"1"
"TCGA-JW-A5VH",-6.38722693035462,20.4532067773041,"8"
"TCGA-G7-6797",-12.0426622022281,-25.0576940138115,"6"
"TCGA-56-8201",17.0338820458913,1.25268085461299,"12"
"TCGA-ZF-AA53",11.369126480287,0.152323323913243,"12"
"TCGA-CN-6017",16.4872461411945,-1.02753952827381,"7"
"TCGA-B6-A2IU",-14.176920173635,6.19260362222262,"11"
"TCGA-62-8398",8.12001460785049,-1.76010252536979,"15"
"TCGA-DK-A6AW",8.78661984242629,4.9916980875802,"20"
"TCGA-AZ-6605",14.1740672873923,20.7403023084155,"10"
"TCGA-97-A4M3",4.01843365513584,-6.250776744894,"15"
"TCGA-LN-A49M",20.0749914193003,-2.47965874212386,"12"
"TCGA-97-8179",5.58893186963007,-3.55662082799338,"15"
"TCGA-4K-AA1G",21.9812619946673,-19.7446879792469,"17"
"TCGA-49-AARR",5.33246197822931,-7.74515559955132,"7"
"TCGA-BP-5177",-0.610020077469664,-16.9967415477904,"4"
"TCGA-JX-A3Q0",25.2869031295583,1.64765728003801,"9"
"TCGA-G9-A9S7",-21.3431521885594,14.9901988208472,"5"
"TCGA-DS-A0VK",21.9752902510322,5.17742592985039,"9"
"TCGA-HZ-8519",-2.53873049024573,5.84626879242613,"7"
"TCGA-CM-6675",12.2628778694219,18.7357427788283,"10"
"TCGA-W2-A7HF",-26.6668921294054,-16.102044258121,"13"
"TCGA-BR-8592",9.46560808100868,11.3164869166035,"22"
"TCGA-D7-A6EZ",14.9895349407338,13.814667460717,"22"
"TCGA-B6-A0RE",-8.08657491453979,4.57183704926902,"11"
"TCGA-DX-AB37",-3.21264171802928,-1.55706021213821,"14"
"TCGA-J4-A6G1",-20.1523014413334,12.2701607557041,"5"
"TCGA-37-5819",9.87198411365622,-7.60828072351563,"15"
"TCGA-DD-A3A9",-5.24354432606828,30.2124278531053,"2"
"TCGA-DX-A8BO",-2.79127910718658,-1.47590258786499,"14"
"TCGA-CJ-5684",-0.147901896200953,-18.323157288205,"4"
"TCGA-BH-A1F5",-12.6984311711975,3.62285368568169,"11"
"TCGA-BC-A5W4",-3.58081437557676,33.4858281744117,"2"
"TCGA-G9-6338",-24.2035276301729,11.5317941096512,"5"
"TCGA-EO-A3AS",-7.18293210641126,13.2328929383028,"8"
"TCGA-AX-A3G1",-9.79880353582574,16.5885048802707,"8"
"TCGA-UZ-A9PM",-8.03144586406225,-23.049443662321,"3"
"TCGA-5M-AAT6",10.6916607953958,-0.454210873135776,"7"
"TCGA-TT-A6YN",-28.0648804524554,-15.6755053628872,"13"
"TCGA-IB-AAUS",-0.887665100485249,2.90076672062722,"7"
"TCGA-P7-A5NX",-25.7747016714829,-11.0216794468954,"13"
"TCGA-CR-7402",15.2666085675951,-6.3755022814118,"12"
"TCGA-HU-A4HD",5.71582011383588,12.124471189691,"22"
"TCGA-EX-A69L",24.0758776892926,3.11667838870606,"9"
"TCGA-CF-A47T",8.72549141460071,4.84827592058865,"20"
"TCGA-A4-7996",-9.98701015417523,-23.5511018441032,"6"
"TCGA-P3-A5QE",22.804207384782,8.90741801774469,"9"
"TCGA-CV-A468",16.6905493890931,-1.17774097122611,"12"
"TCGA-R8-A6MK",-35.9693131158773,-1.56552731117631,"23"
"TCGA-BH-A204",-14.7321031092422,-8.79838287546669,"7"
"TCGA-CH-5768",-21.9129499094079,11.0740557635736,"5"
"TCGA-G4-6307",16.4263403951223,22.7076170871194,"10"
"TCGA-CK-6751",13.2913602105797,18.769313125927,"10"
"TCGA-BK-A26L",-8.63403024004004,12.2399682494122,"8"
"TCGA-IB-A5SP",2.01617208685719,10.6421925078124,"16"
"TCGA-5C-A9VG",-4.64281730700668,29.5003237544372,"2"
"TCGA-AZ-4308",17.2506347744351,21.1187158844474,"10"
"TCGA-33-6737",8.56840984469205,-1.75872429855594,"15"
"TCGA-S7-A7WP",-24.6112738144037,-13.7372572266571,"13"
"TCGA-93-A4JP",4.84776007016419,-7.8870658962718,"15"
"TCGA-B0-4847",0.663802800892818,-18.262988739914,"4"
"TCGA-G7-6793",-13.5412942367966,-18.0915113952724,"3"
"TCGA-DD-AADG",0.500144699522191,33.4777419151572,"2"
"TCGA-ZJ-AB0H",22.8021876806312,2.77002321751977,"9"
"TCGA-QR-A6GO",-27.8775702224441,-17.0407607052479,"13"
"TCGA-E9-A1N4",-12.0171228172198,3.01559089738077,"11"
"TCGA-2Y-A9H0",1.43541328146143,33.5059966858394,"2"
"TCGA-HT-7686",-33.2034276507725,-0.801184404718649,"23"
"TCGA-QR-A6GX",-25.9677611227882,-12.7611489661979,"13"
"TCGA-JY-A6FD",18.4638222476402,-4.0713528686373,"12"
"TCGA-AR-A24T",-12.2912408427382,5.468628455946,"11"
"TCGA-D1-A1O8",5.92469454872325,0.477256580102916,"15"
"TCGA-FG-A87Q",-31.7106829748112,-3.85015203396908,"23"
"TCGA-55-8614",13.5480550094204,-8.48623985576013,"15"
"TCGA-RW-A67X",-24.3864156688482,-13.9875362169951,"13"
"TCGA-EJ-5504",-23.0129584664384,12.9776880464306,"5"
"TCGA-43-8115",15.2512586860674,-8.35951630284116,"1"
"TCGA-P3-A5QF",24.0482061800246,0.3881443407804,"9"
"TCGA-SR-A6MS",-28.8642921156741,-14.3388458369277,"13"
"TCGA-C9-A47Z",20.3863550251512,-1.76388015326158,"12"
"TCGA-CV-7413",17.5366963002479,-2.55520600383577,"12"
"TCGA-ZF-AA54",-0.506090151191555,-2.23149422336413,"14"
"TCGA-YF-AA3M",13.9797081811821,5.95708661064573,"20"
"TCGA-IA-A40X",-10.2221388987848,-22.8105474648519,"3"
"TCGA-LN-A49U",19.2068696716472,-4.4814419991499,"1"
"TCGA-BR-6457",3.70620558416266,16.0808695486567,"22"
"TCGA-DD-AADD",1.57018087042399,32.7577852291779,"2"
"TCGA-B5-A11Z",-8.59811983215624,19.1493923586184,"8"
"TCGA-BS-A0UA",-8.67440234575278,19.7968721768016,"8"
"TCGA-P8-A5KC",-19.9302244806472,-14.7605135777879,"7"
"TCGA-E2-A108",-9.86497378793572,4.91031736564397,"7"
"TCGA-CV-6937",14.8613040441903,-4.48460477991016,"12"
"TCGA-5P-A9JY",-9.20309702268049,-26.7049762875883,"6"
"TCGA-77-A5G3",19.5121801556641,-8.85417308669541,"1"
"TCGA-2G-AAGS",-8.17064905303127,-9.49893571809087,"0"
"TCGA-EL-A3CX",9.03659164154011,-31.2131047638794,"19"
"TCGA-CU-A5W6",9.49150023265975,1.36507653999555,"20"
"TCGA-C5-A7CO",23.5784091122697,6.07813953236257,"9"
"TCGA-39-5031",15.3775048101953,-8.64585635362532,"1"
"TCGA-D6-8568",19.4805137988207,-0.604386550517516,"12"
"TCGA-KR-A7K2",-3.52023421614432,33.2641648843236,"2"
"TCGA-LP-A4AU",19.3576752176737,5.08158916716902,"9"
"TCGA-FP-8099",8.60960236755151,15.2825014674812,"22"
"TCGA-DJ-A3VF",11.3012017462743,-28.8750656955386,"19"
"TCGA-ZG-A9KY",-24.1481209631538,14.6727557745123,"5"
"TCGA-DS-A1OC",21.1395377890635,5.04580834334798,"9"
"TCGA-L5-A8NK",17.7587073963789,-5.31473383546026,"12"
"TCGA-XK-AAIW",-24.1728650620251,15.3349511792945,"5"
"TCGA-ZF-A9R4",10.3742511847775,5.10520395378076,"20"
"TCGA-58-A46J",12.9334774442248,-7.98763769042271,"1"
"TCGA-MP-A4TD",6.39082269905363,-4.15731735338758,"15"
"TCGA-44-4112",4.0865490367936,-4.14626401937248,"15"
"TCGA-QC-AA9N",-5.58532369409977,-2.13671645339497,"14"
"TCGA-EO-A3KX",-7.21870395281508,18.8621316327238,"8"
"TCGA-B0-4813",3.20965937565233,-17.7785186348259,"4"
"TCGA-44-7672",6.74353976196099,-4.7910257059258,"15"
"TCGA-GU-AATO",12.7705098096849,6.80648308140085,"20"
"TCGA-IE-A4EH",-14.4542364599101,-2.93323613861453,"21"
"TCGA-B6-A0X7",-13.2913672041624,6.19426231560942,"11"
"TCGA-ZF-A9R7",12.2701647343118,3.85851149287262,"20"
"TCGA-73-4676",8.02207915256153,-11.3631764296519,"15"
"TCGA-EO-A22R",-11.4534962341921,-4.64735687530846,"7"
"TCGA-VS-A9UT",8.36278475764283,-6.19553712301402,"7"
"TCGA-B0-4816",0.117274626307468,-17.708059447359,"4"
"TCGA-HU-A4GT",11.8770279789698,17.0922888573686,"22"
"TCGA-AZ-4615",13.4741119692899,17.3974088354215,"10"
"TCGA-XF-A9T0",9.64563718680624,2.38147936902072,"20"
"TCGA-2J-AABI",-1.10154136061601,11.7232760757728,"16"
"TCGA-HC-7077",-22.8494947914586,15.4458804446126,"5"
"TCGA-DD-A1EA",-0.08012632828102,32.1153465645992,"2"
"TCGA-P4-A5EA",5.09258460074,-0.96370888975035,"15"
"TCGA-WB-A820",-29.1621679431938,-16.3643994018984,"13"
"TCGA-WB-A81V",-27.2658791031336,-16.5617940401711,"13"
"TCGA-AK-3454",-2.3304094927936,-15.6912535157292,"4"
"TCGA-BR-7723",5.19690405887496,12.125486512757,"0"
"TCGA-63-7021",15.512284983966,-7.39362374661788,"12"
"TCGA-AZ-4614",15.5161368494872,18.0030106825969,"10"
"TCGA-SG-A6Z7",-7.91767912205426,-4.05807995525816,"18"
"TCGA-D7-6527",6.65974055462137,10.5944064101571,"22"
"TCGA-AN-A0XL",-14.144815661179,5.51075070059672,"11"
"TCGA-WZ-A8D5",20.3671898115982,-19.3792002479338,"17"
"TCGA-A6-5659",15.0391133470582,19.5684515575191,"10"
"TCGA-CF-A47Y",6.56682820776861,4.38513682572523,"20"
"TCGA-CV-5978",7.90806444777986,-12.2382533413317,"7"
"TCGA-L5-A88S",17.0313856665467,-4.04278463708622,"12"
"TCGA-G4-6304",16.8224529650863,16.7215323086165,"10"
"TCGA-DJ-A1QD",10.2243256716901,-29.4602336036733,"19"
"TCGA-JX-A3Q8",-1.82250304860304,16.2968815078607,"9"
"TCGA-DJ-A13S",8.83765712064302,-34.1106792907932,"19"
"TCGA-EJ-5527",-21.6218361036119,12.9800219718102,"5"
"TCGA-KC-A7F6",-21.6080512642167,15.662259970968,"5"
"TCGA-DD-A4NH",-5.79510663312244,30.3754223286375,"2"
"TCGA-P5-A736",-34.9900253634677,-1.85697636917602,"23"
"TCGA-90-6837",3.42158642799477,-8.82420817609762,"7"
"TCGA-VR-A8EY",21.0370798401796,-5.43241721718879,"12"
"TCGA-B0-5697",-0.0868726731938631,-19.3639539226337,"4"
"TCGA-B5-A11N",-11.14205361147,18.123033552818,"8"
"TCGA-HC-7231",-22.2932789089442,15.2557186064428,"5"
"TCGA-CR-6481",15.5497491534698,-0.597021495911301,"12"
"TCGA-EY-A210",-7.73840366258663,14.207579683805,"8"
"TCGA-DM-A1DB",15.4188861567786,22.9029539337786,"10"
"TCGA-2G-AAG8",-7.15573120545583,-9.39759051756745,"7"
"TCGA-J2-A4AD",8.92174777182773,-3.02414898806469,"15"
"TCGA-XP-A8T6",19.6139229777093,-6.09311816924103,"1"
"TCGA-QT-A5XJ",-21.1663015053819,3.45633760998621,"23"
"TCGA-BR-8371",-1.09553463458127,4.82815529468455,"7"
"TCGA-05-4396",3.41152016002684,-3.45358526823042,"15"
"TCGA-AR-A1AI",-7.21655563372922,5.17761746355793,"15"
"TCGA-2H-A9GO",6.62879432239169,11.4494426655918,"22"
"TCGA-DX-A3LY",-3.95834617661309,-0.256065608811771,"14"
"TCGA-Z5-AAPL",0.389461123164758,1.68569446007775,"7"
"TCGA-CF-A47W",6.54281777801888,4.34485733813621,"20"
"TCGA-2G-AAHT",21.7715600465599,-19.2099475365291,"17"
"TCGA-DM-A282",14.8870264692743,19.9872109184338,"10"
"TCGA-LN-A5U6",20.5323548864046,-8.68329688828192,"1"
"TCGA-AR-A0TT",-10.8302314110315,6.36693222907559,"11"
"TCGA-Y8-A8RY",-9.10003387981114,-24.8837797552288,"6"
"TCGA-S3-AA12",-15.146708779664,6.88282801894502,"11"
"TCGA-W4-A7U2",20.9177944353956,-19.7351472904992,"17"
"TCGA-HT-A5R9",-37.2472928444273,0.898800352219393,"23"
"TCGA-VQ-A91V",9.17152516351097,16.4893171177059,"22"
"TCGA-DW-7841",-8.86000094108242,-24.7906417656254,"6"
"TCGA-BR-6564",-0.557990872247344,5.31617566297556,"7"
"TCGA-39-5021",8.0852153672523,-11.5831279749146,"7"
"TCGA-KK-A8IA",-23.212717421004,15.237825125775,"5"
"TCGA-E7-A4IJ",9.5557947840007,3.0353256750318,"20"
"TCGA-S7-A7WV",-1.00312471982613,2.92904065359226,"7"
"TCGA-PC-A5DO",-14.7041403053052,-4.37222483334117,"21"
"TCGA-A6-6781",1.46188484042765,5.50168759178829,"16"
"TCGA-3A-A9IJ",-3.00848420569285,5.70615095276275,"7"
"TCGA-CH-5762",-21.5389021494598,11.0309874712154,"5"
"TCGA-SP-A6QG",-25.6110894423762,-12.4876539647069,"13"
"TCGA-EA-A6QX",23.2334798480407,5.60856447498417,"9"
"TCGA-CJ-5676",-1.26496027776795,-20.8756736294781,"4"
"TCGA-A5-A3LP",-8.51783512981706,12.802913750081,"3"
"TCGA-ZP-A9D1",-1.63190015480171,33.2850958625957,"2"
"TCGA-DU-7302",-36.5344582220527,0.301693515449482,"23"
"TCGA-EW-A1IX",-13.7103796070508,5.55222802228966,"11"
"TCGA-DK-A3X2",14.0691558174487,6.21223451995968,"20"
"TCGA-D6-A6EN",17.8429750511574,2.02881372425275,"12"
"TCGA-33-A4WN",15.7734660055911,-8.10924509446658,"1"
"TCGA-CN-5373",19.8345633999615,-1.22017922565101,"12"
"TCGA-CN-4725",20.6626092686251,-1.15921130169772,"12"
"TCGA-MA-AA3Y",19.1872850020559,2.86418241542849,"12"
"TCGA-XF-AAMT",12.4329300090848,-1.65026690698266,"12"
"TCGA-H7-A6C5",23.936367849162,-0.296119026833171,"12"
"TCGA-62-8399",9.8586883231608,-3.55118079478371,"15"
"TCGA-5N-A9KM",11.2587688037623,3.878719444871,"20"
"TCGA-2J-AABT",-0.27671461594093,5.59154320250557,"7"
"TCGA-CV-6441",22.6850628228255,6.37106797780922,"9"
"TCGA-A2-A0YT",-12.5243215444145,8.78196717111508,"11"
"TCGA-VS-A8QH",13.4757029543468,21.8639052162842,"10"
"TCGA-D5-6529",13.6005704761844,20.6665985649009,"10"
"TCGA-B0-5402",-2.54673673253856,-17.6346653107854,"4"
"TCGA-G3-AAV1",-0.0806329755500019,31.8716682454852,"2"
"TCGA-2G-AAKL",-7.35938841179208,-9.62244240507076,"7"
"TCGA-DD-AACC",-0.574540448251132,30.3685789618265,"2"
"TCGA-NC-A5HN",23.5915559463952,-2.17285890647775,"1"
"TCGA-GD-A3OP",2.91087507965546,3.2584451679225,"7"
"TCGA-DX-A6BG",-3.66288166005054,-3.09707758848983,"14"
"TCGA-BQ-5884",-4.07375995299312,-18.8421282148383,"3"
"TCGA-D1-A17F",-10.1590220879004,17.9282109292831,"8"
"TCGA-FY-A4B0",7.98316632284077,-34.1626618124496,"19"
"TCGA-DX-A48J",-13.3795091250974,-4.54883723951601,"21"
"TCGA-QR-A6H0",-23.7539840810472,-11.9551475926938,"7"
"TCGA-R6-A6Y0",8.62609092195914,9.45840928230117,"22"
"TCGA-WB-A821",-26.0486250925967,-14.2188218883037,"13"
"TCGA-CQ-6222",16.6805342030291,-0.980338499630524,"12"
"TCGA-NC-A5HP",20.2796622371387,-9.77321240515925,"1"
"TCGA-2G-AAM3",-8.94806000015852,-6.50155068394628,"7"
"TCGA-YB-A89D",1.27918762827403,6.49760329286199,"16"
"TCGA-EM-A3O8",9.26348333442218,-33.5838621596905,"19"
"TCGA-VQ-A8PB",10.2643757430198,16.7421204146936,"22"
"TCGA-DS-A7WI",27.1023436609114,4.68603467473662,"9"
"TCGA-B0-5710",-1.96128258236974,-16.5218182617107,"4"
"TCGA-85-7710",20.0498797776188,-10.6928018262916,"1"
"TCGA-DU-A7TB",-30.8016762697182,-1.75006456254725,"23"
"TCGA-S9-A6U1",-35.134355534291,-0.0483775751036215,"23"
"TCGA-HZ-8315",1.41084853552678,7.55274963884939,"16"
"TCGA-VQ-A927",7.94165219059333,12.4846771145959,"22"
"TCGA-B0-4699",-6.22433740762996,-17.8087036325857,"7"
"TCGA-FX-A48G",-11.7099625666731,-3.07203228042854,"21"
"TCGA-2G-AAHG",21.7089575627963,-20.1975018893752,"17"
"TCGA-QH-A6CV",-32.0461803126842,-4.88927517195229,"23"
"TCGA-IN-A6RN",7.52974094663307,10.2377251682044,"22"
"TCGA-CJ-4912",2.72798877362125,-16.5289338959258,"4"
"TCGA-Q1-A73Q",22.3361467872024,4.6410127109274,"9"
"TCGA-A6-2675",12.1408631743731,22.5018948534643,"10"
"TCGA-VR-A8EZ",19.7670442334416,-7.99540451821038,"1"
"TCGA-FG-A60K",-36.628461007231,-0.91126375230274,"23"
"TCGA-HC-8213",-22.1383192468079,15.9003291178635,"5"
"TCGA-G2-A2EF",17.0708295281912,2.65664732257997,"12"
"TCGA-B0-5690",-1.71310141019679,-20.9258049099419,"4"
"TCGA-SP-A6QF",-27.3871508959152,-17.9460169606482,"13"
"TCGA-2L-AAQJ",0.521688771309892,10.5019018516951,"16"
"TCGA-XE-AANJ",20.6628207156919,-19.9408823513834,"17"
"TCGA-2G-AAF6",20.8631449082617,-19.5654576544617,"17"
"TCGA-IB-7644",2.2090620842706,9.80050914019853,"16"
"TCGA-F4-6569",13.7881516483667,20.5525477148853,"10"
"TCGA-MA-AA43",17.6306862656808,4.98037909797474,"9"
"TCGA-EJ-5510",-21.3722480697244,12.3437068951579,"5"
"TCGA-B1-A657",-9.62502331980015,-24.0669370358605,"6"
"TCGA-WB-A81P",-26.784924729971,-14.4681234540093,"13"
"TCGA-BP-5191",-3.73223453326163,-17.3162603556558,"4"
"TCGA-C5-A1MN",19.2780131888084,1.6549759315342,"12"
"TCGA-AZ-6606",12.0952353166562,21.0438749979243,"10"
"TCGA-AX-A3FT",-5.4810255022226,16.0472215888937,"8"
"TCGA-2H-A9GH",8.12100544199845,15.5821032875545,"22"
"TCGA-CM-4750",16.748672989622,20.7356558819363,"10"
"TCGA-FD-A43Y",12.953471539457,-1.43248887996013,"12"
"TCGA-NH-A50T",15.9526059641639,19.921563403701,"10"
"TCGA-ZM-AA0E",19.133162582273,-19.0998458576861,"17"
"TCGA-YU-A94D",-10.017055988028,-7.678711102125,"0"
"TCGA-MK-A4N9",11.8560980476018,-31.542570343535,"19"
"TCGA-FP-7735",10.405403418156,10.9356174518758,"22"
"TCGA-B8-4621",-9.00370652143641,-22.601601572839,"3"
"TCGA-2Z-A9J3",-10.3432493218584,-27.3443954119818,"6"
"TCGA-ZR-A9CJ",6.51996855722036,8.44336304397744,"22"
"TCGA-DJ-A2PT",12.2692695580038,-29.0801600805661,"19"
"TCGA-AJ-A2QL",-8.15843273599337,18.1121471985322,"8"
"TCGA-2H-A9GG",4.91340586729099,19.7718623443583,"22"
"TCGA-QR-A6H1",-28.2642190547103,-17.3168814970765,"13"
"TCGA-RE-A7BO",10.6429449316783,15.2533885207468,"22"
"TCGA-MX-A5UG",8.81715103199465,12.3936489844818,"22"
"TCGA-X6-A8C7",-9.01293113653824,-0.773021767736196,"18"
"TCGA-HZ-A49G",-0.266514173055626,8.11282632709581,"16"
"TCGA-XF-AAMZ",12.1224292082406,5.11057524809313,"20"
"TCGA-F9-A7VF",-8.8858760418172,-26.6765339311378,"6"
"TCGA-2G-AAKD",-7.20601534254055,-10.1021346529406,"7"
"TCGA-DD-A4NL",-1.85407110582331,30.8668773486695,"2"
"TCGA-HU-A4GD",7.24468585868796,18.4952858063383,"22"
"TCGA-DJ-A4V4",11.4990276051468,-30.2305944884067,"19"
"TCGA-EL-A3H2",8.5346482455029,-33.16930623849,"19"
"TCGA-CV-6951",16.020000862087,-5.32210211292624,"7"
"TCGA-G9-6356",-21.2457961057214,12.6263511361939,"5"
"TCGA-VN-A88M",-21.6169951826419,15.9736049653621,"5"
"TCGA-63-A5MR",13.7494386631899,-2.72171999114538,"12"
"TCGA-Z6-AAPN",14.7750989436771,-2.59890073164304,"12"
"TCGA-B0-4815",-3.30792466609152,-17.4669520780821,"4"
"TCGA-E1-5307",-36.4332079410425,0.325791744021107,"23"
"TCGA-XE-AAOD",19.7298680080425,-17.499797820857,"17"
"TCGA-S9-A7R1",-36.8194635812515,-0.471582248080457,"23"
"TCGA-MU-A8JM",21.4170703931847,2.2159126234929,"9"
"TCGA-VS-A954",25.1807040262434,4.14248662840894,"9"
"TCGA-CV-7097",19.945337049613,1.71055541657822,"12"
"TCGA-85-A4QQ",18.6353085907652,-2.3493778369629,"12"
"TCGA-CZ-5465",-0.930360228549896,-21.4912664840517,"4"
"TCGA-5P-A9KH",-6.24624356505096,-17.8374994259713,"7"
"TCGA-QR-A6H4",-29.0721925864608,-17.5742773837549,"13"
"TCGA-A6-A56B",14.4600548680647,22.9843308383515,"10"
"TCGA-RD-A8NB",9.33840625142763,12.4556769559731,"22"
"TCGA-NC-A5HQ",21.5881145557113,-6.42169941519584,"1"
"TCGA-CA-6715",15.7621054425931,21.7487091499187,"10"
"TCGA-L5-A4OI",4.11342352123101,10.6683760802937,"16"
"TCGA-2H-A9GK",9.22010359981464,14.0536564169506,"22"
"TCGA-P5-A5F1",-35.5357840669379,-1.47463579590892,"23"
"TCGA-EP-A12J",-1.77450974410344,31.3742284913784,"2"
"TCGA-DB-5281",-35.9608483344655,0.440340043216021,"23"
"TCGA-DH-A66D",-35.3152044915926,-0.164946361240065,"23"
"TCGA-AO-A12C",-13.5096926670149,6.86954461420778,"11"
"TCGA-ZM-AA06",19.1599824580311,-19.7679466926682,"17"
"TCGA-CQ-A4CD",18.3577235238367,0.335100983792511,"12"
"TCGA-2J-AABP",-2.31503235228254,-2.94412912998922,"14"
"TCGA-CM-5863",13.2122247644187,20.1802173403432,"10"
"TCGA-DX-A7ET",-2.62722535192197,-2.03499509363676,"14"
"TCGA-YC-A8S6",3.57806304858213,3.16321271098301,"20"
"TCGA-YU-AA61",-8.75553744986099,-8.51706377424582,"0"
"TCGA-HV-A7OP",1.20711006861268,13.4183826558307,"16"
"TCGA-HZ-A49I",0.751908880526827,9.85808459280236,"16"
"TCGA-SR-A6MY",-28.2483768804254,-16.492915849284,"13"
"TCGA-AR-A24P",-12.8960502527075,5.21562457678495,"11"
"TCGA-DX-A6B8",-3.73927675088777,-4.09123698525422,"14"
"TCGA-CM-6166",15.178210005268,19.845401699147,"10"
"TCGA-E7-A7XN",13.5148724783872,0.0132181261227416,"12"
"TCGA-VQ-A8PU",6.93415188866878,15.0917044239781,"22"
"TCGA-LN-A7HZ",19.9548357771403,-7.75131986048471,"1"
"TCGA-BQ-5889",-0.94085480077062,1.95712404094235,"7"
"TCGA-BJ-A0Z5",10.3945170281006,-30.4156361486914,"19"
"TCGA-IQ-A61E",19.159117199444,0.336901893433741,"12"
"TCGA-FD-A43U",11.1172226564495,2.39659506325053,"20"
"TCGA-BR-A44T",0.739611791309444,3.04421100296061,"7"
"TCGA-EW-A1PC",-11.997598970581,9.00535117333568,"11"
"TCGA-63-A5MN",8.22591127469759,-5.40712734843867,"15"
"TCGA-A6-5656",15.5600767733507,21.392967004336,"10"
"TCGA-WB-A80N",-27.9216345830872,-16.3976112321332,"13"
"TCGA-LB-A8F3",-0.990929859252765,9.59090581301735,"16"
"TCGA-S9-A6U5",-36.2538323531031,-1.57542820858711,"23"
"TCGA-86-8359",6.30753649941096,-2.9969611410036,"15"
"TCGA-G9-6367",-20.7689269305516,10.7251940720811,"5"
"TCGA-EJ-7794",-20.5624945434592,11.8322011558651,"5"
"TCGA-CC-A7IE",-0.556312742470555,29.9420926083524,"2"
"TCGA-78-7161",5.77689371833617,-3.12857224170544,"15"
"TCGA-XF-AAMW",12.6986657283912,-0.636867708951692,"20"
"TCGA-C5-A2LX",24.0825220235164,7.02728777119727,"9"
"TCGA-SR-A6MR",-25.5493852508853,-14.5958215132393,"13"
"TCGA-DK-AA75",9.22145756357296,2.8386814076164,"20"
"TCGA-BI-A20A",23.3847673588966,6.03778606028854,"9"
"TCGA-JY-A6FE",12.1753804130175,-3.4644709189001,"14"
"TCGA-4K-AA1I",20.1212184935573,-17.9473293948389,"17"
"TCGA-58-8387",15.3381831300992,-8.79261877525441,"1"
"TCGA-DK-A1A3",10.1060614086605,1.56607065878027,"20"
"TCGA-UF-A7JH",21.7347206130188,-0.863869973656089,"12"
"TCGA-33-AASL",12.8576339209693,-5.30909977280343,"1"
"TCGA-P5-A5ET",-36.1030408702039,-1.46201789427696,"23"
"TCGA-EA-A3QE",22.308330534356,2.3426793369761,"9"
"TCGA-CR-6482",22.1145573404265,7.92323065793161,"9"
"TCGA-98-A538",13.5528165255331,-8.9143687433475,"1"
"TCGA-EL-A4K4",10.8989765033887,-28.7741395202772,"19"
"TCGA-GL-A9DD",-8.04380365456817,-22.8236976607873,"3"
"TCGA-AJ-A3QS",-7.95534771352292,13.2483784481014,"8"
"TCGA-DD-A119",-2.62832255709066,30.6168719116078,"2"
"TCGA-GK-A6C7",0.0306740830867189,-16.6545272475273,"4"
"TCGA-VS-A959",23.1011335791877,3.89673296889449,"9"
"TCGA-ET-A39L",9.89792463128459,-33.1581160590587,"19"
"TCGA-50-8459",1.9103314673851,6.35119076517767,"16"
"TCGA-C5-A2LZ",23.8254684184124,3.48170224308995,"9"
"TCGA-VS-A94X",14.3427725892359,1.58902846502313,"9"
"TCGA-FP-7916",14.3350227600684,13.3211783168196,"22"
"TCGA-DI-A1BU",-6.22012206374986,17.8475071068833,"8"
"TCGA-C5-A901",24.8689398526342,3.96848187757434,"9"
"TCGA-2G-AAFH",20.2032438083506,-18.8871452069804,"17"
"TCGA-A7-A426",-12.6315088747065,6.40824902792332,"11"
"TCGA-CA-5797",17.5187673473907,19.8632508567518,"10"
"TCGA-E2-A1BC",-13.3495299793731,5.66611798638141,"11"
"TCGA-D1-A3DG",-8.65487133743518,14.559416310919,"8"
"TCGA-EM-A3AP",9.99732785036751,-33.2477807880475,"19"
"TCGA-G2-A3IB",14.10752053693,-1.22689000860403,"12"
"TCGA-MB-A5YA",-15.5534007470131,-5.06703325079581,"21"
"TCGA-2X-A9D6",21.3670533214115,-18.2278785628647,"17"
"TCGA-QG-A5YX",14.1579988566426,19.6483998664735,"10"
"TCGA-86-7954",7.940434511302,-6.45608713726123,"15"
"TCGA-DX-AB2P",-3.62881022655627,-3.90833742227777,"14"
"TCGA-ZF-AA56",12.369672187733,-0.29460316302945,"20"
"TCGA-86-6851",7.82901395587821,-5.49295481177816,"15"
"TCGA-A4-8516",-9.77383815564214,-24.8884094317167,"6"
"TCGA-B7-5818",15.1764691637971,13.4639126758747,"22"
"TCGA-E9-A228",-14.4763644917135,9.18389520186533,"11"
"TCGA-77-8139",13.655318009084,-9.04585985252238,"12"
"TCGA-2Y-A9H9",-0.36743101042572,33.5556387844564,"2"
"TCGA-DM-A28E",14.5958273160325,22.3184683307591,"10"
"TCGA-FE-A233",9.87856540767267,-29.2525549783074,"19"
"TCGA-FG-5965",-32.4883516717665,0.0457383741224206,"23"
"TCGA-D6-6825",18.9047150852337,-0.916515872492745,"12"
"TCGA-DU-6397",-38.055483569134,-0.432915956550851,"23"
"TCGA-L5-A8NF",6.81767062356238,14.4238549868634,"22"
"TCGA-F2-7276",-0.651767218847864,6.75383801409202,"7"
"TCGA-WB-A819",-28.6596218806929,-16.5383874607167,"13"
"TCGA-EM-A2CJ",8.34840746324906,-33.1638070427522,"19"
"TCGA-WZ-A7V5",20.8143913250851,-18.6036671557086,"17"
"TCGA-CK-4948",17.544117202941,19.6957435488015,"10"
"TCGA-CA-5255",12.9446456720305,19.8787402634639,"10"
"TCGA-CD-A4MG",10.9183624453336,16.6826809445486,"22"
"TCGA-HT-7481",-34.7070262516471,-1.82201025914154,"23"
"TCGA-LN-A8I0",19.8756172862921,-6.88208806892957,"1"
"TCGA-HT-A614",-35.2965054317971,-1.4470851605862,"23"
"TCGA-CN-6022",12.9428214697844,-2.25579684849222,"12"
"TCGA-D1-A16B",-9.25720649675694,17.6870557824915,"8"
"TCGA-K4-A3WS",11.2734541310767,3.20645973258324,"20"
"TCGA-S6-A8JY",21.5536214044702,-20.3604313341581,"17"
"TCGA-A4-8517",-9.59248806582102,-23.1147098904589,"6"
"TCGA-IB-A5ST",0.234498821094028,2.22377912023159,"7"
"TCGA-B0-4844",2.42674680091225,-16.9582198044731,"4"
"TCGA-EL-A3GQ",10.3128304012931,-32.1889415601531,"19"
"TCGA-2L-AAQI",0.1821691429327,9.29569521601568,"16"
"TCGA-B0-4842",-3.94174279315556,-16.9766676555467,"4"
"TCGA-AJ-A3OJ",-7.03706212121704,16.6350542902134,"8"
"TCGA-DJ-A3V6",11.1996424153697,-29.3822524041358,"19"
"TCGA-DX-A8BG",-1.78491262462749,-0.353899322168383,"14"
"TCGA-CV-A6JD",18.1824701945449,2.07470610064529,"12"
"TCGA-CX-7086",22.9336351226784,-3.34634793634643,"12"
"TCGA-BQ-5880",-4.6630348434478,-18.4634073428633,"3"
"TCGA-86-6562",5.68668149748067,-4.44769946037348,"15"
"TCGA-VR-AA4G",18.3812305207563,-4.51940938271379,"12"
"TCGA-VQ-A94R",8.29650958153447,14.6347408634478,"22"
"TCGA-ZF-AA4N",17.3268025156666,0.426628166346456,"12"
"TCGA-A4-A48D",-8.01998003896728,-21.8965604393662,"3"
"TCGA-XD-AAUH",0.129775689480709,2.88262679250357,"7"
"TCGA-MP-A4TH",6.40069983024154,-5.8289961746659,"15"
"TCGA-BB-8596",16.5064493703082,-4.0769087308604,"12"
"TCGA-UF-A71D",23.6194944143925,-1.57371383661826,"12"
"TCGA-B0-4828",1.86022213565397,-17.4859851993591,"4"
"TCGA-LB-A9Q5",-1.23426698210143,8.08753310962664,"16"
"TCGA-FG-A60J",-35.6315002994808,-0.939617237267916,"23"
"TCGA-63-5131",13.9196547494567,-7.77644234065424,"1"
"TCGA-B1-A654",-8.10719670757884,-26.3349499772749,"6"
"TCGA-LP-A7HU",25.2319182205169,7.38266903725623,"9"
"TCGA-CQ-5332",21.5539014066645,-8.05605429896534,"1"
"TCGA-SR-A6MV",-26.3384104547103,-17.7920819924289,"13"
"TCGA-HS-A5N7",-15.1557673517383,-4.05711883602373,"21"
"TCGA-JY-A93D",9.02166682725777,13.5807968589276,"22"
"TCGA-E5-A4TZ",12.3677771655716,1.3146859928655,"20"
"TCGA-W4-A7U3",-8.88272536715954,-8.34953163388141,"0"
"TCGA-DW-7963",-8.81367328418138,-22.7764955485254,"3"
"TCGA-39-5011",7.38000536552617,-6.4297844660506,"15"
"TCGA-77-8150",18.8442467519309,-8.53627552711741,"1"
"TCGA-UY-A78P",11.9384037057416,-0.309846274467665,"7"
"TCGA-AC-A3OD",-11.6134310006861,5.14914749850615,"11"
"TCGA-DK-AA74",11.1269417199787,1.00205130077875,"7"
"TCGA-CZ-5460",2.52129815389464,-18.6346955775449,"4"
"TCGA-FG-A70Z",-31.0218481020564,-3.23690364635361,"23"
"TCGA-SP-A6QD",-25.0548525017536,-12.4056184310151,"13"
"TCGA-S7-A7WW",-25.7691864083548,-13.6808800216725,"13"
"TCGA-AK-3425",-0.532430123193624,-18.9215023856903,"4"
"TCGA-GU-A763",8.52001949285629,4.81085595502699,"20"
"TCGA-2G-AAFI",-7.59864215176141,-9.49265769273538,"7"
"TCGA-BS-A0U5",-9.24566851724773,17.5478083157354,"8"
"TCGA-AJ-A3EL",-7.3484600186592,16.5134739204505,"8"
"TCGA-V5-A7RE",8.0801664301143,15.7772597792142,"22"
"TCGA-2G-AAG6",-9.02926191554966,-6.50841897090851,"7"
"TCGA-LL-A5YL",-11.2259810025113,7.05235156713833,"11"
"TCGA-AK-3433",-6.15848080442859,-17.8664307470408,"3"
"TCGA-FK-A3SB",11.4502875626872,-32.3016302454543,"19"
"TCGA-MA-AA3X",25.4528468959167,1.05859255712751,"12"
"TCGA-CZ-4856",-2.42339608028422,-16.9423773596025,"4"
"TCGA-IG-A625",19.6223176841012,-8.33444110039046,"1"
"TCGA-ET-A25K",11.4548521402343,-32.3490457812137,"19"
"TCGA-ZJ-AAXU",23.7600901557766,3.5866118712466,"9"
"TCGA-EK-A2R8",19.2383663672064,4.58492248834736,"9"
"TCGA-P4-AAVL",-10.0411359584407,-27.5759449778326,"6"
"TCGA-CZ-4866",-0.370934903884706,-20.6291133935674,"4"
"TCGA-GL-A4EM",-7.95449813394276,-21.9764728186314,"3"
"TCGA-A2-A4S2",-12.4548526612933,6.48866805730074,"11"
"TCGA-E7-A97Q",9.64566972628189,3.18678238789905,"20"
"TCGA-EX-A1H6",-1.62210666419694,15.0647862126325,"9"
"TCGA-VP-A872",-20.7110792198374,14.5996065479495,"5"
"TCGA-XY-A8S2",-7.51605678112081,-9.75755375538619,"7"
"TCGA-BR-8060",7.41521670659717,11.6809701931903,"22"
"TCGA-CR-7404",22.8291994939362,3.90902248579456,"9"
"TCGA-M7-A71Y",-20.1624493996427,11.3569163354799,"5"
"TCGA-B6-A1KC",-13.585715587067,8.7856643865887,"11"
"TCGA-2Y-A9GZ",0.62987143403943,33.2957791329499,"2"
"TCGA-EL-A3D1",13.6538418681352,-30.6715691076319,"19"
"TCGA-3B-A9I1",-13.7926550423287,-3.09633253434132,"21"
"TCGA-BG-A187",-9.88562223155687,19.8227932639446,"8"
"TCGA-R6-A8WC",8.66686264498648,18.0326181934389,"22"
"TCGA-L5-A8NJ",8.52126309451354,19.0870505258751,"22"
"TCGA-AO-A0JI",-14.5482231886284,9.22478898983113,"11"
"TCGA-HT-7689",-34.1101790401536,-1.30213495231771,"23"
"TCGA-3A-A9I5",-0.876673502184678,10.2333717236789,"16"
"TCGA-FY-A40K",11.3497418183259,-32.1134237699914,"19"
"TCGA-NC-A5HE",12.713848775725,-5.3006323520253,"7"
"TCGA-AX-A1CA",-9.37997524579388,13.7852932672536,"8"
"TCGA-BR-6455",14.9506911228237,14.4739940011625,"22"
"TCGA-F9-A8NY",-13.5414926757104,-17.9977083687462,"3"
"TCGA-E7-A5KE",10.1818865341769,3.61672313832962,"20"
"TCGA-91-6831",9.71575502852856,-7.32485195495909,"15"
"TCGA-ET-A3BT",11.656656598601,-30.3001360718722,"19"
"TCGA-EY-A548",-9.36680069714771,17.0118823374293,"8"
"TCGA-CK-5913",12.7680054050618,18.3217930093785,"10"
"TCGA-DU-7290",-32.2961947368393,-3.68196038166288,"23"
"TCGA-IB-A7LX",-0.712880038200946,11.4461517307217,"16"
"TCGA-05-5429",3.03541944203171,12.4507717166182,"16"
"TCGA-A6-2672",11.2496228609518,18.1103187037029,"10"
"TCGA-EK-A2RB",24.0776714168348,5.86146720972756,"9"
"TCGA-HC-7745",-20.1385512549407,10.1092440178174,"5"
"TCGA-QQ-A8VH",-7.12377615785459,-3.04957928649959,"18"
"TCGA-EY-A1G7",-7.51153100520559,15.482890820817,"8"
"TCGA-IB-7891",-0.28646960597863,7.4077141775463,"16"
"TCGA-EJ-A8FP",-20.8873897694318,11.0261503651759,"5"
"TCGA-B9-7268",-11.1596578768103,-24.6817980629814,"6"
"TCGA-J4-A83N",-22.0242832398464,15.4140450877294,"5"
"TCGA-B0-5121",0.512093600885623,-17.5300261156228,"4"
"TCGA-X6-A8C4",-2.28721385235468,-4.91175780239671,"14"
"TCGA-DJ-A3UW",12.5469800496131,-29.1153466572196,"19"
"TCGA-HB-A3L4",-13.5926301896809,-2.33242952266957,"21"
"TCGA-ZQ-A9CR",7.22609520511597,10.6766756222574,"22"
"TCGA-L5-A8NS",8.92338363865178,14.8131539480237,"22"
"TCGA-ZM-AA0B",19.3250074117137,-19.4689783897055,"17"
"TCGA-DU-7304",-35.6821238182594,-0.0438861618935693,"23"
"TCGA-78-7633",4.47289306684813,-6.89566805374122,"15"
"TCGA-67-4679",4.20219984256706,-6.12151097420418,"15"
"TCGA-EL-A4K7",13.616022137264,-30.6084966437947,"19"
"TCGA-CD-5804",5.17854274509163,9.72337914724788,"22"
"TCGA-39-5027",18.5393079632564,-8.58213347678235,"1"
"TCGA-95-7567",4.85868778280008,-4.47399548147636,"15"
"TCGA-CR-5250",22.8424868408338,8.23585663439605,"9"
"TCGA-Q1-A5R1",-1.39828419313979,15.9231025144537,"9"
"TCGA-DX-AB2W",-2.29223247220764,-2.77777296282893,"14"
"TCGA-55-6982",4.61052723420596,-8.64217637437981,"15"
"TCGA-3B-A9I3",-14.6454609019063,-2.88820975918158,"21"
"TCGA-JY-A938",12.3643896740104,14.4077687728544,"22"
"TCGA-RM-A68W",-23.9358141044602,-11.8229132804302,"13"
"TCGA-HT-7483",-35.7458664661776,0.54027517125367,"23"
"TCGA-2Z-A9JP",-8.84450268859482,-23.628049372069,"6"
"TCGA-EL-A3ZN",12.5874295128444,-31.1472092166057,"19"
"TCGA-UC-A7PD",19.1829728352071,3.24041454532553,"9"
"TCGA-D5-6531",13.8993178078704,18.109554882426,"10"
"TCGA-US-A77J",-0.0129849307824673,2.163185893888,"7"
"TCGA-RW-A68F",-25.7305631808083,-11.0559136914823,"13"
"TCGA-PQ-A6FN",11.4325627001451,1.36869893871331,"12"
"TCGA-EJ-A46F",-21.6601363344752,16.5828006197283,"5"
"TCGA-FG-A87N",-32.5689086770025,0.730955054102425,"23"
"TCGA-W4-A7U4",-7.41228153424257,-9.73204982648706,"7"
"TCGA-SB-A6J6",20.4790910044259,-19.4719855129806,"17"
"TCGA-BP-4795",-1.26578789441429,-15.8482091972772,"4"
"TCGA-CA-6718",13.8871259043687,16.5331647345328,"10"
"TCGA-B0-4706",1.14761946742715,-17.5867704215293,"4"
"TCGA-AX-A1CC",-8.1857342685719,11.4248552513192,"7"
"TCGA-BW-A5NO",1.18977830949838,33.0210343734296,"2"
"TCGA-4Z-AA82",13.1549227048463,2.73865833728422,"20"
"TCGA-MO-A47R",-6.82250981007342,-3.84051221904892,"18"
"TCGA-IB-A5SS",2.75210852705475,7.05212605556031,"16"
"TCGA-2Y-A9H7",-2.91793005311931,34.022156657721,"2"
"TCGA-2L-AAQL",0.045618020440092,10.306414110668,"16"
"TCGA-CD-8526",18.6703382544711,-16.7801606573508,"17"
"TCGA-DD-A39W",-1.22687689670412,35.1175655105468,"2"
"TCGA-B0-5703",-1.40288906389091,-21.0790076910176,"4"
"TCGA-BP-5190",-3.56596399162695,-17.6017918853194,"4"
"TCGA-DX-AB35",-4.32896296470391,-0.984448664496444,"14"
"TCGA-AK-3460",-0.275873738572043,-17.9627269236092,"4"
"TCGA-HC-8258",-21.616718567087,11.8045780235123,"5"
"TCGA-D8-A1XQ",-7.18749161901608,5.38691543357043,"15"
"TCGA-FJ-A3ZF",9.18503358198143,3.29474668174725,"20"
"TCGA-43-A56V",13.7172144675948,-7.97183461346118,"1"
"TCGA-FE-A3PC",12.7717057143985,-30.4866163728348,"19"
"TCGA-55-6979",7.27099197076425,-5.82965639550849,"15"
"TCGA-CJ-5672",0.424561765919293,-19.353747307264,"4"
"TCGA-L5-A43J",21.4103245503919,-4.16461443729959,"12"
"TCGA-WB-A81G",-24.6190735192149,-11.7494064993481,"13"
"TCGA-RC-A6M3",-2.89170179245381,28.9297695416118,"2"
"TCGA-Q2-A5QZ",-7.21445703712929,-25.3040140756126,"3"
"TCGA-AD-6890",14.9168220656687,20.5848264655974,"10"
"TCGA-A2-A3XY",-8.24621973206098,4.32024166862955,"18"
"TCGA-G3-A7M9",2.68101981086419,29.7002815024467,"0"
"TCGA-G9-6364",-21.0030903378719,10.7587550917655,"5"
"TCGA-N1-A6IA",-3.57776414503281,-4.21034382369379,"14"
"TCGA-D5-6920",12.8218624844498,20.9213291973833,"10"
"TCGA-2G-AAL5",-9.76926248795358,-8.01922035366,"0"
"TCGA-US-A77E",1.99600044729293,8.63737197823665,"16"
"TCGA-49-6761",4.3235008184475,-4.2482214140435,"15"
"TCGA-DD-A73B",-3.6719360229084,32.7988185940014,"2"
"TCGA-BH-A0GY",-12.231758131527,8.56772340634834,"11"
"TCGA-DU-A6S6",-36.5103156912992,-2.11728250772322,"23"
"TCGA-56-8504",21.1449491950805,-6.7293437524965,"1"
"TCGA-DX-A6BA",-14.6601739490987,-4.32698932273005,"21"
"TCGA-69-7974",4.29852863834444,-5.02409288768111,"15"
"TCGA-WB-A81S",-28.0995140349068,-15.0791731972418,"13"
"TCGA-D7-6815",8.59612835109436,17.7523272575482,"22"
"TCGA-HC-7737",-22.0434853510004,10.0402532939832,"5"
"TCGA-39-5037",8.20243593376989,-11.487747153335,"7"
"TCGA-HV-A5A6",2.48013718117694,8.42612732275348,"16"
"TCGA-IR-A3LB",-1.42789087865324,14.769045022847,"16"
"TCGA-GM-A2DM",-15.3368282288357,5.55852095821231,"11"
"TCGA-VQ-A924",12.0848066144451,16.5657601701773,"22"
"TCGA-HZ-8317",-1.00201308183576,7.84097073604364,"16"
"TCGA-CJ-4908",-0.0774525476467615,-16.7057002264095,"4"
"TCGA-BA-A4IH",22.8965088471929,9.01918179578819,"9"
"TCGA-E7-A541",12.9696233317073,5.44825183639688,"20"
"TCGA-CM-5348",10.3009325351364,21.1135206016646,"22"
"TCGA-H7-8501",18.6495084322184,1.928392979897,"12"
"TCGA-DJ-A3UN",11.0666703770558,-31.8811665142372,"19"
"TCGA-L5-A8NU",8.47155742879276,11.9863812660456,"22"
"TCGA-RY-A840",-37.3761294472675,-1.77962988993885,"23"
"TCGA-GL-A9DE",-10.746991554692,-20.2240269113181,"3"
"TCGA-UB-A7MD",0.363956601792751,33.0768190847184,"2"
"TCGA-EJ-8474",-22.7805262548432,14.8007323549072,"5"
"TCGA-W2-A7HC",-28.6460707288804,-16.5496939652924,"13"
"TCGA-DD-AAVV",-1.88364261994391,32.9278755455645,"2"
"TCGA-VR-AA4D",8.15119264637037,18.7256627933809,"22"
"TCGA-DD-AAE3",0.298501241440993,34.0800575618277,"2"
"TCGA-LN-A4A9",19.174793241048,-3.70839410630412,"12"
"TCGA-3B-A9HQ",-15.2922746238059,-4.31457652430916,"21"
"TCGA-DM-A1HB",12.5503553999788,17.9765925431234,"10"
"TCGA-HC-7211",-23.2519173156461,12.8867930132939,"5"
"TCGA-44-A47G",6.85819233816726,-5.02020147386511,"15"
"TCGA-EL-A4K0",12.204335167534,-31.9897231219741,"19"
"TCGA-2X-A9D5",21.2854655932856,-19.0111900839053,"17"
"TCGA-BP-5199",-2.48211546701129,-16.3548447964455,"4"
"TCGA-AO-A03U",-10.2021399848673,3.40539204754041,"7"
"TCGA-DK-A1AF",2.74050676556634,3.28791610345968,"7"
"TCGA-F4-6807",14.2537748984866,20.6865762513138,"10"
"TCGA-4L-AA1F",-19.1175241012526,13.3883691527408,"5"
"TCGA-J8-A3O2",11.3903627946279,-31.0313598343396,"19"
"TCGA-QT-A5XK",-28.0507971790134,-16.5093702173639,"13"
"TCGA-63-A5MB",19.0105394777056,-10.4920065870326,"1"
"TCGA-EK-A2H1",18.9099901385874,3.5212963367343,"7"
"TCGA-SP-A6QJ",-27.7224742422438,-17.3910529548097,"13"
"TCGA-Y8-A8S0",-11.0667065594215,-24.6574779274606,"6"
"TCGA-D5-6922",15.7040116815953,21.0009545578306,"10"
"TCGA-FB-AAPS",0.860226147248791,5.66173482916955,"7"
"TCGA-S3-A6ZH",-13.1416274747502,8.36362949737271,"11"
"TCGA-HT-7856",-34.819755629478,-3.10085345570798,"23"
"TCGA-BJ-A45I",11.6327791495839,-29.2913131159208,"19"
"TCGA-CZ-5989",-1.32191723554832,-19.2254246147075,"4"
"TCGA-EA-A5O9",25.0800749310485,5.1884484024345,"9"
"TCGA-S7-A7X1",-24.3213453431265,-13.991913709969,"13"
"TCGA-E7-A519",6.47890055499619,4.38286625380403,"20"
"TCGA-UP-A6WW",23.6433683675717,7.49681654125762,"9"
"TCGA-KV-A74V",-10.1719425007354,-26.0315246877361,"6"
"TCGA-HT-7474",-34.8297140346965,-2.30255977251232,"23"
"TCGA-CC-A7II",2.77621866679725,29.5378471403339,"0"
"TCGA-E8-A432",11.6188438979819,-33.3795094363166,"19"
"TCGA-KS-A4I1",13.5506798399127,-31.2004611244362,"19"
"TCGA-XF-A9T6",14.21342439649,5.74331554918377,"20"
"TCGA-58-8392",18.5813894122405,-8.64662374142117,"1"
"TCGA-CW-6093",-0.54718939055308,-17.0059749409459,"4"
"TCGA-B0-4823",-0.704255335371261,-18.2965817138933,"4"
"TCGA-A6-6138",14.1742845588723,21.2558662940233,"10"
"TCGA-DV-5569",-0.814034861321661,-18.1602941282241,"4"
"TCGA-BP-5186",-0.59422314907405,-17.6681528710423,"4"
"TCGA-CQ-5329",21.2861457907168,-0.37260315009685,"12"
"TCGA-AZ-6607",3.9022811005657,7.14620351965728,"16"
"TCGA-2Z-A9J1",-7.90930147788993,-24.8870540908344,"6"
"TCGA-AY-A69D",12.2256084732233,21.0226648539697,"10"
"TCGA-XF-AAN3",14.8534677225043,3.52618768114493,"20"
"TCGA-QR-A70X",-26.9310522363258,-17.0787083283112,"13"
"TCGA-IG-A3QL",21.3672780595855,-8.6093140753837,"1"
"TCGA-DU-6407",-34.3207024202854,0.631086606452954,"23"
"TCGA-OL-A5RZ",-11.9693963635161,7.41831423259824,"11"
"TCGA-DE-A4MB",11.389614330725,-28.0637342812979,"19"
"TCGA-BH-A1ET",-14.2319071972881,4.6914520478882,"11"
"TCGA-AP-A0LM",-10.629240655803,17.44197528881,"8"
"TCGA-E8-A2EA",12.3204164237058,-29.1626005375455,"19"
"TCGA-2G-AAGW",-7.19403273093849,-10.3359890861973,"7"
"TCGA-YL-A8S8",-24.2026516162984,12.3647200695387,"5"
"TCGA-DM-A1DA",13.7332213242012,18.2997526087292,"10"
"TCGA-Q3-AA2A",1.25328279459991,9.59319540161742,"16"
"TCGA-2G-AAH3",21.4879535388145,-18.5139360399738,"17"
"TCGA-85-8353",17.1948452396681,-9.04749512807661,"1"
"TCGA-B3-A6W5",-10.3990104037798,-25.3274533025876,"6"
"TCGA-Z4-AAPG",-2.39647745593818,-4.30880711440225,"14"
"TCGA-CM-5861",12.190095215378,17.9789059255143,"10"
"TCGA-CC-A9FS",-3.93772087788538,31.1411983635277,"2"
"TCGA-2J-AABU",3.01304397423394,8.16926884451403,"16"
"TCGA-HC-A8CY",-23.899558585416,14.5168292737694,"5"
"TCGA-DX-AB2T",-4.71425164215132,-2.48615539822016,"14"
"TCGA-DD-AACW",-4.12013630379842,31.5472287306258,"2"
"TCGA-85-8582",17.2539581132267,5.0293352688428,"12"
"TCGA-6A-AB49",11.4665901752852,-2.47750892394934,"20"
"TCGA-FG-A713",-34.8021292055476,-3.2842432936288,"23"
"TCGA-2Y-A9HB",-1.41064416512902,33.3396269617485,"2"
"TCGA-RT-A6YA",-27.1226119740919,-18.4840342422615,"13"
"TCGA-LB-A7SX",3.19332407445011,8.4357676756031,"16"
"TCGA-AC-A3BB",-12.162461459309,6.35369364660543,"11"
"TCGA-EW-A1P5",-12.6617100727141,6.97849433748886,"11"
"TCGA-HV-AA8X",0.206784315614453,11.3858253101787,"16"
"TCGA-IA-A83T",-7.72856195082183,-22.7420106393948,"3"
"TCGA-HC-7744",-22.143666906854,14.9260953169192,"5"
"TCGA-56-A62T",16.9805854217171,-10.317469642089,"1"
"TCGA-DX-A1KY",-8.18630927446389,-4.04007073890439,"18"
"TCGA-AZ-4315",14.6595682900819,18.150777844919,"10"
"TCGA-UZ-A9PQ",-10.6021478682168,-21.3579784236966,"3"
"TCGA-AJ-A3BD",-8.48544671922244,14.2217198176726,"8"
"TCGA-HZ-8005",2.93693708058019,7.03977896209389,"16"
"TCGA-97-8176",8.05215005984465,-1.70607203395559,"15"
"TCGA-LN-A4A4",19.2629992591779,-5.44554436447602,"1"
"TCGA-MO-A47P",-14.6029579809607,-7.61371248859638,"21"
"TCGA-HT-A74J",-35.941079401748,-1.89370639346477,"23"
"TCGA-ZP-A9CV",-1.15826126649312,33.146688929166,"2"
"TCGA-EJ-5505",-22.262515870351,12.7043901358819,"5"
"TCGA-UZ-A9PJ",-11.6852517509263,-23.9609814239325,"6"
"TCGA-B7-A5TI",7.34405083915101,13.3516385931158,"22"
"TCGA-HZ-A77O",-0.438307122370428,8.5937028923271,"16"
"TCGA-TT-A6YK",-25.1239107391221,-14.7015713694311,"13"
"TCGA-QK-AA3J",23.985718709909,-0.311178940527419,"9"
"TCGA-VS-A8EB",27.0309736812315,4.63470458121095,"9"
"TCGA-A4-7732",-5.86109742832083,-20.3234844652617,"6"
"TCGA-D1-A1O5",-10.2519424945337,18.1683465926064,"8"
"TCGA-CM-5860",14.843866229131,19.3185520876613,"10"
"TCGA-V1-A8MG",-23.6460652162698,12.9009229483241,"5"
"TCGA-2G-AAGZ",-6.80092889317818,-9.03430970059233,"7"
"TCGA-WB-A80M",-28.7368980625144,-15.0774986484677,"13"
"TCGA-L5-A4OP",8.42090886920865,16.8741922031661,"22"
"TCGA-B0-5399",-0.0431318626449227,-18.0375536298508,"4"
"TCGA-V1-A9ZI",-20.5742222744732,15.0632779565229,"5"
"TCGA-UB-A7MB",-1.41847291760806,32.0911360282949,"2"
"TCGA-EO-A3B0",-6.50434339222018,20.5707143912154,"8"
"TCGA-BB-4224",21.3430146445165,-0.338100047948337,"12"
"TCGA-CE-A3ME",10.2303469821447,-29.9190047601516,"19"
"TCGA-VF-A8AA",20.8769066273909,-18.6879645695692,"17"
"TCGA-2H-A9GL",10.1745858174468,18.4629247116978,"22"
"TCGA-P5-A731",-35.4817617473445,-1.71586773483305,"23"
"TCGA-BC-A217",1.34455830259196,33.094098809285,"2"
"TCGA-CW-5590",2.65178062159916,-18.6733742017421,"4"
"TCGA-G6-A5PC",1.02554271763824,-20.0134818783199,"4"
"TCGA-RW-A8AZ",-27.4831685101246,-13.4512490752001,"13"
"TCGA-BR-8483",7.32049539520587,18.5960836769731,"22"
"TCGA-QK-A6IF",22.5937431166804,9.42765328297391,"9"
"TCGA-56-7222",5.62431557310455,-9.66974454107809,"15"
"TCGA-L5-A4OF",7.38430703808561,12.061612813743,"22"
"TCGA-B0-5707",-11.016018986018,-23.8345959373782,"6"
"TCGA-DX-AB2V",-4.06993147264824,-0.540634177459042,"14"
"TCGA-XR-A8TF",0.310885014200171,34.2822634737004,"2"
"TCGA-CH-5748",-22.9768044156265,12.7031331207859,"5"
"TCGA-55-7815",7.53230279621188,-4.73180739691472,"15"
